split,label,group_index,entry_index,source_path,destination_path,sha256,dhash,is_group_representative
val,BUY,0,0,C:\Users\thaba\OneDrive\Documents\The 808 Vision 2026\phoenixguard\808 Memory\BUYS-20260224T225615Z-1-001\BUYS\700pips profit.png,C:\Users\thaba\OneDrive\Documents\The 808 Vision 2026\phoenixguard\data\clean_split\val\BUY\00000_000_376c6b30329f.png,376c6b30329faa39d5a7d7a4294d8fee2e39ac1e3524168589e3165fdaaee845,c0f04eae96968633,1
train,BUY,1,0,C:\Users\thaba\OneDrive\Documents\The 808 Vision 2026\phoenixguard\808 Memory\BUYS-20260224T225615Z-1-001\BUYS\808Fx Standard System 2.0 Binary 2.0.png,C:\Users\thaba\OneDrive\Documents\The 808 Vision 2026\phoenixguard\data\clean_split\train\BUY\00001_000_784b73bad6ce.png,784b73bad6ce407c7da0ab4aeb48c727a8414824340405a20feaa45860a0dacb,9084145c9e9c808f,1
train,BUY,2,0,C:\Users\thaba\OneDrive\Documents\The 808 Vision 2026\phoenixguard\808 Memory\BUYS-20260224T225615Z-1-001\BUYS\808Fx Standard System 2.0 Binary.png,C:\Users\thaba\OneDrive\Documents\The 808 Vision 2026\phoenixguard\data\clean_split\train\BUY\00002_000_c51d9ad149d8.png,c51d9ad149d85ec33324dcc159a9c17d134220697c8ecc796645967c2bec81c1,c0c2d4849c9364d6,1
test,BUY,3,0,C:\Users\thaba\OneDrive\Documents\The 808 Vision 2026\phoenixguard\808 Memory\BUYS-20260224T225615Z-1-001\BUYS\808Fx Standard System 2.0 EURGBP.png,C:\Users\thaba\OneDrive\Documents\The 808 Vision 2026\phoenixguard\data\clean_split\test\BUY\00003_000_e70450a9b39e.png,e70450a9b39ec02a07c937e0b19199034e4ccc2c29ae33115e4bf812d50dd58b,8184666e661e309b,1
test,BUY,4,0,C:\Users\thaba\OneDrive\Documents\The 808 Vision 2026\phoenixguard\808 Memory\BUYS-20260224T225615Z-1-001\BUYS\808Fx Standard System 2.0.png,C:\Users\thaba\OneDrive\Documents\The 808 Vision 2026\phoenixguard\data\clean_split\test\BUY\00004_000_33586b7c46e3.png,33586b7c46e3ec46c312cd20c45a05b362af593e6cf73b6d722efed4b57899ab,838492da2626203b,1
train,BUY,5,0,C:\Users\thaba\OneDrive\Documents\The 808 Vision 2026\phoenixguard\808 Memory\BUYS-20260224T225615Z-1-001\BUYS\AUDJPY Buy trade.png,C:\Users\thaba\OneDrive\Documents\The 808 Vision 2026\phoenixguard\data\clean_split\train\BUY\00005_000_a7ba2fbf5555.png,a7ba2fbf555510cc07317f40dcc8a943952e8cc4ef36962e645ce7a96424e175,c680d0b29a4cfe3b,1
train,BUY,6,0,C:\Users\thaba\OneDrive\Documents\The 808 Vision 2026\phoenixguard\808 Memory\BUYS-20260224T225615Z-1-001\BUYS\AUDUSD Buy Trade with Sl Trail.png,C:\Users\thaba\OneDrive\Documents\The 808 Vision 2026\phoenixguard\data\clean_split\train\BUY\00006_000_855dad0a834a.png,855dad0a834a166ef1feefbae7e8202becd26d6b64de418435f0689af9fe858c,8344662ada9ea093,1
train,BUY,7,0,C:\Users\thaba\OneDrive\Documents\The 808 Vision 2026\phoenixguard\808 Memory\BUYS-20260224T225615Z-1-001\BUYS\EURCAD Binary trade.png,C:\Users\thaba\OneDrive\Documents\The 808 Vision 2026\phoenixguard\data\clean_split\train\BUY\00007_000_9b5672f4e347.png,9b5672f4e347d01b96f109e8faf37ee0ae6085df10ec2c62360ed88b58622c3f,c7c2e4c4a6ad4ccd,1
train,BUY,8,0,C:\Users\thaba\OneDrive\Documents\The 808 Vision 2026\phoenixguard\808 Memory\BUYS-20260224T225615Z-1-001\BUYS\EURCAD Binary.png,C:\Users\thaba\OneDrive\Documents\The 808 Vision 2026\phoenixguard\data\clean_split\train\BUY\00008_000_6df513ec22d7.png,6df513ec22d75ceea691d75f9f43741756842525a43d6acf3103ba76288663d8,8000d2e24e4e3496,1
train,BUY,9,0,C:\Users\thaba\OneDrive\Documents\The 808 Vision 2026\phoenixguard\808 Memory\BUYS-20260224T225615Z-1-001\BUYS\EURGBP GFE CLEAR.png,C:\Users\thaba\OneDrive\Documents\The 808 Vision 2026\phoenixguard\data\clean_split\train\BUY\00009_000_e9f83a6bcc0e.png,e9f83a6bcc0e75dfbccfa4de7773e4fd30a27a5abba4c33a4418ca6e6b1c8226,c2e062f8b287cfeb,1
train,BUY,10,0,C:\Users\thaba\OneDrive\Documents\The 808 Vision 2026\phoenixguard\808 Memory\BUYS-20260224T225615Z-1-001\BUYS\EURJPY IQ TRADE BUY.png,C:\Users\thaba\OneDrive\Documents\The 808 Vision 2026\phoenixguard\data\clean_split\train\BUY\00010_000_f5d975deed39.png,f5d975deed3975f8542e08c1b5a7a4eb2ffc7616b1f244231d4401bad5855028,c2c6b48ecaa3e4f5,1
test,BUY,11,0,C:\Users\thaba\OneDrive\Documents\The 808 Vision 2026\phoenixguard\808 Memory\BUYS-20260224T225615Z-1-001\BUYS\EURUSD M5 IQ Trade.png,C:\Users\thaba\OneDrive\Documents\The 808 Vision 2026\phoenixguard\data\clean_split\test\BUY\00011_000_8e9f8f564417.png,8e9f8f564417f76d21f37c1419d4d68e4b1aae66d823772cf9432382c212f55d,61c0acf6848dda86,1
train,BUY,12,0,C:\Users\thaba\OneDrive\Documents\The 808 Vision 2026\phoenixguard\808 Memory\BUYS-20260224T225615Z-1-001\BUYS\Gold Buy Trade 2.png,C:\Users\thaba\OneDrive\Documents\The 808 Vision 2026\phoenixguard\data\clean_split\train\BUY\00012_000_a912f2e173aa.png,a912f2e173aa7c4978a5490d50def0570745c87f02461b45be1da3311a004c2a,84003616e2cec043,1
test,BUY,13,0,C:\Users\thaba\OneDrive\Documents\The 808 Vision 2026\phoenixguard\808 Memory\BUYS-20260224T225615Z-1-001\BUYS\Gold Buy Trade.png,C:\Users\thaba\OneDrive\Documents\The 808 Vision 2026\phoenixguard\data\clean_split\test\BUY\00013_000_15fff1e789cc.png,15fff1e789cced2c18ee232e24b10b295af0499ac76e3e262b83e4bb5f6e5d57,81820a89d970009f,1
test,BUY,14,0,C:\Users\thaba\OneDrive\Documents\The 808 Vision 2026\phoenixguard\808 Memory\BUYS-20260224T225615Z-1-001\BUYS\Screenshot 2023-03-04 094333.png,C:\Users\thaba\OneDrive\Documents\The 808 Vision 2026\phoenixguard\data\clean_split\test\BUY\00014_000_79cec4231312.png,79cec42313125d2f79dd7c06dce116d4cc6cc9b90ff10f13f6f33cacc4774887,61c0c2f08485c2c2,1
train,BUY,15,0,C:\Users\thaba\OneDrive\Documents\The 808 Vision 2026\phoenixguard\808 Memory\BUYS-20260224T225615Z-1-001\BUYS\Screenshot 2023-03-06 172624.png,C:\Users\thaba\OneDrive\Documents\The 808 Vision 2026\phoenixguard\data\clean_split\train\BUY\00015_000_aa207dc27400.png,aa207dc27400057074204c1a2b5762cb4894c2415d61800d649c6eb664cdf773,9406a21eda82b8be,1
train,BUY,15,1,C:\Users\thaba\OneDrive\Documents\The 808 Vision 2026\phoenixguard\808 Memory\BUYS-20260224T225615Z-1-001\BUYS\Screenshot 2023-03-06 172947.png,C:\Users\thaba\OneDrive\Documents\The 808 Vision 2026\phoenixguard\data\clean_split\train\BUY\00015_001_74b5ec643e01.png,74b5ec643e01626eaf8d2434639c4295b2f607b2a22e7f9008a81c2b657cfe71,9406a21eda82b8be,0
train,BUY,16,0,C:\Users\thaba\OneDrive\Documents\The 808 Vision 2026\phoenixguard\808 Memory\BUYS-20260224T225615Z-1-001\BUYS\Screenshot 2023-03-08 065937.png,C:\Users\thaba\OneDrive\Documents\The 808 Vision 2026\phoenixguard\data\clean_split\train\BUY\00016_000_eb88a4fbc8b6.png,eb88a4fbc8b668f393d48d4184f42cfc2d4c2a80f4c077e3c3383016f3099ba4,05cc8caeeaea23a7,1
test,BUY,17,0,C:\Users\thaba\OneDrive\Documents\The 808 Vision 2026\phoenixguard\808 Memory\BUYS-20260224T225615Z-1-001\BUYS\Screenshot 2023-03-21 014345.png,C:\Users\thaba\OneDrive\Documents\The 808 Vision 2026\phoenixguard\data\clean_split\test\BUY\00017_000_fea2d06c5c4f.png,fea2d06c5c4ff51711a11ae7804bdd9dfe254f86943aa2ec4fde502d0355c3be,9400864e9a90f83e,1
train,BUY,18,0,C:\Users\thaba\OneDrive\Documents\The 808 Vision 2026\phoenixguard\808 Memory\BUYS-20260224T225615Z-1-001\BUYS\Screenshot 2023-03-21 014618.png,C:\Users\thaba\OneDrive\Documents\The 808 Vision 2026\phoenixguard\data\clean_split\train\BUY\00018_000_567644cd094d.png,567644cd094da379c99b8abaea2ef6a040c435461fcc7d50c08d8f7c52558a69,98028696fc30783e,1
val,BUY,19,0,C:\Users\thaba\OneDrive\Documents\The 808 Vision 2026\phoenixguard\808 Memory\BUYS-20260224T225615Z-1-001\BUYS\Screenshot 2023-04-06 182115.png,C:\Users\thaba\OneDrive\Documents\The 808 Vision 2026\phoenixguard\data\clean_split\val\BUY\00019_000_67bd4a36ea9e.png,67bd4a36ea9e8b65153d0e1802d98a8a6362f433b2f0ea688cbf1c1ad21f1692,8cc0f6468a827a3e,1
val,BUY,20,0,C:\Users\thaba\OneDrive\Documents\The 808 Vision 2026\phoenixguard\808 Memory\BUYS-20260224T225615Z-1-001\BUYS\Screenshot 2023-05-05 183121.png,C:\Users\thaba\OneDrive\Documents\The 808 Vision 2026\phoenixguard\data\clean_split\val\BUY\00020_000_005c942ae2df.png,005c942ae2dff921265d7b409a426e2e3127d27159efd1ba9f9464698dd3dd7d,8c2032b0e880f81e,1
train,BUY,21,0,C:\Users\thaba\OneDrive\Documents\The 808 Vision 2026\phoenixguard\808 Memory\BUYS-20260224T225615Z-1-001\BUYS\Screenshot 2023-05-05 183238.png,C:\Users\thaba\OneDrive\Documents\The 808 Vision 2026\phoenixguard\data\clean_split\train\BUY\00021_000_801415922435.png,801415922435ad1ec0d31a95c99a9e79b069fb34ebd42dccf91900de7fa31a2f,9c08a62668c2f81e,1
train,BUY,22,0,C:\Users\thaba\OneDrive\Documents\The 808 Vision 2026\phoenixguard\808 Memory\BUYS-20260224T225615Z-1-001\BUYS\Screenshot 2023-05-08 203150.png,C:\Users\thaba\OneDrive\Documents\The 808 Vision 2026\phoenixguard\data\clean_split\train\BUY\00022_000_4e5de55ad9a8.png,4e5de55ad9a8d317a25248ea7e5c6dbf45466e62bd4be5ccf758560872a13008,9c00aabaa24678be,1
train,BUY,23,0,C:\Users\thaba\OneDrive\Documents\The 808 Vision 2026\phoenixguard\808 Memory\BUYS-20260224T225615Z-1-001\BUYS\Screenshot 2023-05-08 215934.png,C:\Users\thaba\OneDrive\Documents\The 808 Vision 2026\phoenixguard\data\clean_split\train\BUY\00023_000_57f9bf83e13a.png,57f9bf83e13a53577dfc34b208f653c991ea780a58bf5a8c51bc29fe348e142a,0c20a2b29e96fa9e,1
train,BUY,24,0,C:\Users\thaba\OneDrive\Documents\The 808 Vision 2026\phoenixguard\808 Memory\BUYS-20260224T225615Z-1-001\BUYS\Screenshot 2023-05-11 210548.png,C:\Users\thaba\OneDrive\Documents\The 808 Vision 2026\phoenixguard\data\clean_split\train\BUY\00024_000_d9250c0e0249.png,d9250c0e0249ba01979fa600306b60f9f811e28a17cf86716c6cd32f0b667bd5,9c0082c63c30f81f,1
val,BUY,25,0,C:\Users\thaba\OneDrive\Documents\The 808 Vision 2026\phoenixguard\808 Memory\BUYS-20260224T225615Z-1-001\BUYS\Screenshot 2023-05-12 071640.png,C:\Users\thaba\OneDrive\Documents\The 808 Vision 2026\phoenixguard\data\clean_split\val\BUY\00025_000_f8f1ac0edd31.png,f8f1ac0edd3162bdf90e205fcc73f9c4c7c5567a42d440563aa1caf5498bf454,0c0246268e087a1e,1
train,BUY,26,0,C:\Users\thaba\OneDrive\Documents\The 808 Vision 2026\phoenixguard\808 Memory\BUYS-20260224T225615Z-1-001\BUYS\Screenshot 2023-06-05 015720.png,C:\Users\thaba\OneDrive\Documents\The 808 Vision 2026\phoenixguard\data\clean_split\train\BUY\00026_000_2f6920e6d881.png,2f6920e6d88198896be94fa79a3be4227f32faf697f8bfa6e3521925f3a834f6,98828232e0807a1e,1
test,BUY,27,0,C:\Users\thaba\OneDrive\Documents\The 808 Vision 2026\phoenixguard\808 Memory\BUYS-20260224T225615Z-1-001\BUYS\Screenshot 2023-06-21 071916.png,C:\Users\thaba\OneDrive\Documents\The 808 Vision 2026\phoenixguard\data\clean_split\test\BUY\00027_000_8aa5a9cc091f.png,8aa5a9cc091fa7e760aab027b947c4cc99dc30f508026999f3e1363f3540c4f8,d1d200a2869aa2dc,1
test,BUY,28,0,C:\Users\thaba\OneDrive\Documents\The 808 Vision 2026\phoenixguard\808 Memory\BUYS-20260224T225615Z-1-001\BUYS\Screenshot 2023-06-21 083422.png,C:\Users\thaba\OneDrive\Documents\The 808 Vision 2026\phoenixguard\data\clean_split\test\BUY\00028_000_ae8c34a15718.png,ae8c34a15718a29a5d7f5fe3a957ef7ba16ac4f6c427f62ae67553c58a2f0850,920286865a10a29e,1
test,BUY,29,0,C:\Users\thaba\OneDrive\Documents\The 808 Vision 2026\phoenixguard\808 Memory\BUYS-20260224T225615Z-1-001\BUYS\Screenshot 2023-06-22 054409.png,C:\Users\thaba\OneDrive\Documents\The 808 Vision 2026\phoenixguard\data\clean_split\test\BUY\00029_000_07377368499b.png,07377368499bc78e298bf16406f64e746cdf1d11841d32d3ea2c899bc468fe47,d1c8d8c8c0d96195,1
train,BUY,30,0,C:\Users\thaba\OneDrive\Documents\The 808 Vision 2026\phoenixguard\808 Memory\BUYS-20260224T225615Z-1-001\BUYS\Screenshot 2024-08-01 062244.png,C:\Users\thaba\OneDrive\Documents\The 808 Vision 2026\phoenixguard\data\clean_split\train\BUY\00030_000_9115e8013363.png,9115e8013363aae05357b8dee36d9cb95fee1f625a4def2941b8845e2a9a6c1a,e1f0b29c8e8682b3,1
train,BUY,31,0,C:\Users\thaba\OneDrive\Documents\The 808 Vision 2026\phoenixguard\808 Memory\BUYS-20260224T225615Z-1-001\BUYS\Screenshot 2024-08-01 174659.png,C:\Users\thaba\OneDrive\Documents\The 808 Vision 2026\phoenixguard\data\clean_split\train\BUY\00031_000_8f9c9497ce73.png,8f9c9497ce73cf9b6292d0c5d43b2c59c9394239a6c093d123d0d136417c3570,81c0480e26b682b7,1
train,BUY,31,1,C:\Users\thaba\OneDrive\Documents\The 808 Vision 2026\phoenixguard\808 Memory\BUYS-20260224T225615Z-1-001\BUYS\Screenshot 2024-08-01 174714.png,C:\Users\thaba\OneDrive\Documents\The 808 Vision 2026\phoenixguard\data\clean_split\train\BUY\00031_001_7ca5c4f87861.png,7ca5c4f8786175cc2a4749faccf9e17fe2da5d996b258d29eb7aa6f3bc6a9d7a,81c0480e26b682b7,0
train,BUY,32,0,C:\Users\thaba\OneDrive\Documents\The 808 Vision 2026\phoenixguard\808 Memory\BUYS-20260224T225615Z-1-001\BUYS\Screenshot 2024-08-26 221200.png,C:\Users\thaba\OneDrive\Documents\The 808 Vision 2026\phoenixguard\data\clean_split\train\BUY\00032_000_99b96b5aa3d3.png,99b96b5aa3d3f83b8692776475ff9a53b772b9df0d99b3e1067810ad09beb6fe,d0c01496e22a96ca,1
train,BUY,33,0,C:\Users\thaba\OneDrive\Documents\The 808 Vision 2026\phoenixguard\808 Memory\BUYS-20260224T225615Z-1-001\BUYS\Screenshot 2024-08-27 064631.png,C:\Users\thaba\OneDrive\Documents\The 808 Vision 2026\phoenixguard\data\clean_split\train\BUY\00033_000_58ecebc89098.png,58ecebc890980e821ffbc55f45c30a4e4ce8ffaa5f6fe197eb4d467de12b6077,c0ec122646729673,1
train,BUY,34,0,C:\Users\thaba\OneDrive\Documents\The 808 Vision 2026\phoenixguard\808 Memory\BUYS-20260224T225615Z-1-001\BUYS\Screenshot 2024-09-27 094515.png,C:\Users\thaba\OneDrive\Documents\The 808 Vision 2026\phoenixguard\data\clean_split\train\BUY\00034_000_395c924a0c54.png,395c924a0c541c9bb30e8aeb17b2345eb25fb408e13ae2ccd5d6da24276263ac,85c282822434d8d8,1
test,BUY,35,0,C:\Users\thaba\OneDrive\Documents\The 808 Vision 2026\phoenixguard\808 Memory\BUYS-20260224T225615Z-1-001\BUYS\Screenshot 2024-09-27 095528.png,C:\Users\thaba\OneDrive\Documents\The 808 Vision 2026\phoenixguard\data\clean_split\test\BUY\00035_000_0acac24af57a.png,0acac24af57ac7c1c3dd9036c1a9e98d9b5adb5ecff09a44e18e249f0adf9e4a,848ce4ce96e0d81e,1
train,BUY,36,0,C:\Users\thaba\OneDrive\Documents\The 808 Vision 2026\phoenixguard\808 Memory\BUYS-20260224T225615Z-1-001\BUYS\Screenshot 2024-09-27 100422.png,C:\Users\thaba\OneDrive\Documents\The 808 Vision 2026\phoenixguard\data\clean_split\train\BUY\00036_000_668485048162.png,668485048162a7e724854c4e054b84fb635a00ad6de0497d8cce901c4048e22b,81d2869ab6849827,1
train,BUY,37,0,C:\Users\thaba\OneDrive\Documents\The 808 Vision 2026\phoenixguard\808 Memory\BUYS-20260224T225615Z-1-001\BUYS\Screenshot 2024-09-27 100513.png,C:\Users\thaba\OneDrive\Documents\The 808 Vision 2026\phoenixguard\data\clean_split\train\BUY\00037_000_3fea7234e11b.png,3fea7234e11bcb8d9526d328a2a3357066f2fedbae5211be4c9ffdbe2819f6bf,81c2869ab6c69c07,1
train,BUY,37,1,C:\Users\thaba\OneDrive\Documents\The 808 Vision 2026\phoenixguard\808 Memory\BUYS-20260224T225615Z-1-001\BUYS\Screenshot 2024-09-27 100529.png,C:\Users\thaba\OneDrive\Documents\The 808 Vision 2026\phoenixguard\data\clean_split\train\BUY\00037_001_40c63e46f685.png,40c63e46f685b36595768fdffcdde0e2e8553b298c2a472f928c49e9dbb17d3f,81d2869ab6c69c07,0
train,BUY,37,2,C:\Users\thaba\OneDrive\Documents\The 808 Vision 2026\phoenixguard\808 Memory\BUYS-20260224T225615Z-1-001\BUYS\Screenshot 2024-09-27 100546.png,C:\Users\thaba\OneDrive\Documents\The 808 Vision 2026\phoenixguard\data\clean_split\train\BUY\00037_002_a07c0f3318c9.png,a07c0f3318c964e0b07fd47c8683b09788005b4e4ffcaada0d09c5e289864a56,c0c2869ab6c69c07,0
train,BUY,38,0,C:\Users\thaba\OneDrive\Documents\The 808 Vision 2026\phoenixguard\808 Memory\BUYS-20260224T225615Z-1-001\BUYS\Screenshot 2024-09-27 100652.png,C:\Users\thaba\OneDrive\Documents\The 808 Vision 2026\phoenixguard\data\clean_split\train\BUY\00038_000_2cb98ecc6259.png,2cb98ecc6259196ad763deaeb219a1e2c4967c80e80e3f071a93c6bbf213400e,81c282b2e498d267,1
train,BUY,39,0,C:\Users\thaba\OneDrive\Documents\The 808 Vision 2026\phoenixguard\808 Memory\BUYS-20260224T225615Z-1-001\BUYS\Screenshot 2024-12-09 082118.png,C:\Users\thaba\OneDrive\Documents\The 808 Vision 2026\phoenixguard\data\clean_split\train\BUY\00039_000_12d7cfe07b95.png,12d7cfe07b9527e3644402c9674af2ec9d245b7d7a9943a6a8acc36bddd9b0df,81e832c6b696cc5a,1
train,BUY,39,1,C:\Users\thaba\OneDrive\Documents\The 808 Vision 2026\phoenixguard\808 Memory\BUYS-20260224T225615Z-1-001\BUYS\Screenshot 2024-12-09 082141.png,C:\Users\thaba\OneDrive\Documents\The 808 Vision 2026\phoenixguard\data\clean_split\train\BUY\00039_001_968682c4ecdb.png,968682c4ecdb3b3df74fd2efc5a833657d1c798bc5aa638d51adb05d71f6387d,81e8b2c6b696cc5a,0
train,BUY,40,0,C:\Users\thaba\OneDrive\Documents\The 808 Vision 2026\phoenixguard\808 Memory\BUYS-20260224T225615Z-1-001\BUYS\Screenshot 2024-12-09 192244.png,C:\Users\thaba\OneDrive\Documents\The 808 Vision 2026\phoenixguard\data\clean_split\train\BUY\00040_000_5aa338f0fc86.png,5aa338f0fc86891cea16cc4e02b9386350f712be42487ff116c562536c304712,9298aaa2a6a282ec,1
train,BUY,41,0,C:\Users\thaba\OneDrive\Documents\The 808 Vision 2026\phoenixguard\808 Memory\BUYS-20260224T225615Z-1-001\BUYS\Screenshot 2025-01-07 044741.png,C:\Users\thaba\OneDrive\Documents\The 808 Vision 2026\phoenixguard\data\clean_split\train\BUY\00041_000_65d63429baff.png,65d63429baff193ff069905c1ef3ad25b3b34e820fcdbb0d46065898ed6ef7fb,c8087ab89800d8fa,1
train,BUY,42,0,C:\Users\thaba\OneDrive\Documents\The 808 Vision 2026\phoenixguard\808 Memory\BUYS-20260224T225615Z-1-001\BUYS\Screenshot 2025-01-07 062919.png,C:\Users\thaba\OneDrive\Documents\The 808 Vision 2026\phoenixguard\data\clean_split\train\BUY\00042_000_c07cb1852568.png,c07cb1852568eff58d018ea7c1bfebf1f1e57f3b7f8a70bba8caaba481d06c21,8080dab8582078fc,1
val,BUY,43,0,C:\Users\thaba\OneDrive\Documents\The 808 Vision 2026\phoenixguard\808 Memory\BUYS-20260224T225615Z-1-001\BUYS\Screenshot 2025-01-07 065520.png,C:\Users\thaba\OneDrive\Documents\The 808 Vision 2026\phoenixguard\data\clean_split\val\BUY\00043_000_91f77efcd6e6.png,91f77efcd6e60b7561e2f6913f058013a71b3dd9b58d28fb765187198e61fcf2,80d89ad83478fc45,1
train,BUY,44,0,C:\Users\thaba\OneDrive\Documents\The 808 Vision 2026\phoenixguard\808 Memory\BUYS-20260224T225615Z-1-001\BUYS\Screenshot 2025-01-08 134940.png,C:\Users\thaba\OneDrive\Documents\The 808 Vision 2026\phoenixguard\data\clean_split\train\BUY\00044_000_e87b0fb5d2c2.png,e87b0fb5d2c2bcaacfb977fb961d0026a81164983fc49929286e648c5e463544,a0c0929c58f82596,1
train,BUY,45,0,C:\Users\thaba\OneDrive\Documents\The 808 Vision 2026\phoenixguard\808 Memory\BUYS-20260224T225615Z-1-001\BUYS\Screenshot 2026-03-13 190049.png,C:\Users\thaba\OneDrive\Documents\The 808 Vision 2026\phoenixguard\data\clean_split\train\BUY\00045_000_308d160f222a.png,308d160f222afed552ec8ab5c5ae0f38f4506325eb8db416be9d86c5a200136d,63e8a59bb3ac5040,1
train,BUY,46,0,C:\Users\thaba\OneDrive\Documents\The 808 Vision 2026\phoenixguard\808 Memory\BUYS-20260224T225615Z-1-001\BUYS\Screenshot 2026-03-13 190206.png,C:\Users\thaba\OneDrive\Documents\The 808 Vision 2026\phoenixguard\data\clean_split\train\BUY\00046_000_08e912e22d91.png,08e912e22d910a3fdd5676b5bf7e1eb15a1ea0fe0eaa02932685d330525bb68a,e3e8948bbba4e0c0,1
train,BUY,47,0,C:\Users\thaba\OneDrive\Documents\The 808 Vision 2026\phoenixguard\808 Memory\BUYS-20260224T225615Z-1-001\BUYS\Screenshot 2026-03-13 190330.png,C:\Users\thaba\OneDrive\Documents\The 808 Vision 2026\phoenixguard\data\clean_split\train\BUY\00047_000_e38ba0ecf234.png,e38ba0ecf234d630872bc5a64721d0ff8ed5b6cedbbdb28e7ad45fde81ea85bb,e6d29da632e246f2,1
train,BUY,48,0,C:\Users\thaba\OneDrive\Documents\The 808 Vision 2026\phoenixguard\808 Memory\BUYS-20260224T225615Z-1-001\BUYS\Screenshot_20221104_191201.png,C:\Users\thaba\OneDrive\Documents\The 808 Vision 2026\phoenixguard\data\clean_split\train\BUY\00048_000_858552dc0b6c.png,858552dc0b6c42db35826cfdd698a449a53f2f031ad2d5f6290d08ad639e0e33,01e0680c9a968293,1
train,BUY,49,0,C:\Users\thaba\OneDrive\Documents\The 808 Vision 2026\phoenixguard\808 Memory\BUYS-20260224T225615Z-1-001\BUYS\Screenshot_20221104_191221.png,C:\Users\thaba\OneDrive\Documents\The 808 Vision 2026\phoenixguard\data\clean_split\train\BUY\00049_000_a12bf86f73b3.png,a12bf86f73b3dea52c06ef38561615f1f4ff753405d6e4fccab994c950e1c19b,01e44c2e9a06b28e,1
train,BUY,50,0,C:\Users\thaba\OneDrive\Documents\The 808 Vision 2026\phoenixguard\808 Memory\BUYS-20260224T225615Z-1-001\BUYS\Screenshot_20221104_194337.png,C:\Users\thaba\OneDrive\Documents\The 808 Vision 2026\phoenixguard\data\clean_split\train\BUY\00050_000_f7c5afcbee58.png,f7c5afcbee584d41108ad4d4ba4ecbb6a4a007beb6a279ce105d23163033050b,01f4482e96168693,1
train,BUY,51,0,C:\Users\thaba\OneDrive\Documents\The 808 Vision 2026\phoenixguard\808 Memory\BUYS-20260224T225615Z-1-001\BUYS\Screenshot_20221107_192224.png,C:\Users\thaba\OneDrive\Documents\The 808 Vision 2026\phoenixguard\data\clean_split\train\BUY\00051_000_74bd85b09bd5.png,74bd85b09bd587eb6a5fb17cf20713bbe9e698402802a774d7dd9c8b10db6a07,82e4498b9e06b68f,1
train,BUY,52,0,C:\Users\thaba\OneDrive\Documents\The 808 Vision 2026\phoenixguard\808 Memory\BUYS-20260224T225615Z-1-001\BUYS\Screenshot_20221107_193501.png,C:\Users\thaba\OneDrive\Documents\The 808 Vision 2026\phoenixguard\data\clean_split\train\BUY\00052_000_4d020f865fe1.png,4d020f865fe1f1f9f367efd8cd52252064812457a21ffb99a27578a3d4228ac9,81c2a6aab69c9a8c,1
val,BUY,53,0,C:\Users\thaba\OneDrive\Documents\The 808 Vision 2026\phoenixguard\808 Memory\BUYS-20260224T225615Z-1-001\BUYS\Screenshot_20221108_114641.png,C:\Users\thaba\OneDrive\Documents\The 808 Vision 2026\phoenixguard\data\clean_split\val\BUY\00053_000_7503da731c3d.png,7503da731c3d9d27746287ffac9f77fda964046e74de495c1c58fa9d8c180623,95c2c6c66c38928c,1
test,BUY,54,0,C:\Users\thaba\OneDrive\Documents\The 808 Vision 2026\phoenixguard\808 Memory\BUYS-20260224T225615Z-1-001\BUYS\Screenshot_20221116_153822.png,C:\Users\thaba\OneDrive\Documents\The 808 Vision 2026\phoenixguard\data\clean_split\test\BUY\00054_000_b6b06dcdc1e5.png,b6b06dcdc1e575cf0e6935cf7951280e4748cac60c3db5a92fe09b887c9661cc,11b0b0b07070728e,1
train,BUY,55,0,C:\Users\thaba\OneDrive\Documents\The 808 Vision 2026\phoenixguard\808 Memory\BUYS-20260224T225615Z-1-001\BUYS\Screenshot_20221124_085621.png,C:\Users\thaba\OneDrive\Documents\The 808 Vision 2026\phoenixguard\data\clean_split\train\BUY\00055_000_3b37fae2ee82.png,3b37fae2ee8256305378ff5423601547ce335172c64f1954edeae4dfb421b766,84ca82e646a63a8e,1
train,BUY,56,0,C:\Users\thaba\OneDrive\Documents\The 808 Vision 2026\phoenixguard\808 Memory\BUYS-20260224T225615Z-1-001\BUYS\Screenshot_20221124_201507.png,C:\Users\thaba\OneDrive\Documents\The 808 Vision 2026\phoenixguard\data\clean_split\train\BUY\00056_000_13814b75cece.png,13814b75cece18dd51bfdbb299e0c4fc2a105c321e308cde523a3aa059f409c4,b1c0c6a69c4e648c,1
val,BUY,57,0,C:\Users\thaba\OneDrive\Documents\The 808 Vision 2026\phoenixguard\808 Memory\BUYS-20260224T225615Z-1-001\BUYS\Screenshot_20221124_201612.png,C:\Users\thaba\OneDrive\Documents\The 808 Vision 2026\phoenixguard\data\clean_split\val\BUY\00057_000_81c6b947502f.png,81c6b947502f7e29f1c6994d2c1ed6b0bd5016b485bc8d27df4c4d871446bcd2,91c6065c8eb43a97,1
train,BUY,58,0,C:\Users\thaba\OneDrive\Documents\The 808 Vision 2026\phoenixguard\808 Memory\BUYS-20260224T225615Z-1-001\BUYS\Screenshot_20221130_154656.png,C:\Users\thaba\OneDrive\Documents\The 808 Vision 2026\phoenixguard\data\clean_split\train\BUY\00058_000_6d04262b9ad9.png,6d04262b9ad913ad7e5a7666953c46c1ec94f9bcc26c43b667c804df02a14f07,85ca02666a0c9e97,1
train,BUY,59,0,C:\Users\thaba\OneDrive\Documents\The 808 Vision 2026\phoenixguard\808 Memory\BUYS-20260224T225615Z-1-001\BUYS\Screenshot_20221206_180346.png,C:\Users\thaba\OneDrive\Documents\The 808 Vision 2026\phoenixguard\data\clean_split\train\BUY\00059_000_c577a772b849.png,c577a772b8494a7a2e21e1de69e905b197e88c966311efbfd99f93512ed86840,95ba3a4646c0a28e,1
train,BUY,60,0,C:\Users\thaba\OneDrive\Documents\The 808 Vision 2026\phoenixguard\808 Memory\BUYS-20260224T225615Z-1-001\BUYS\Screenshot_20221207_182531.png,C:\Users\thaba\OneDrive\Documents\The 808 Vision 2026\phoenixguard\data\clean_split\train\BUY\00060_000_0b12f575aaf1.png,0b12f575aaf18e726b16cd3177bb5aa42d92767d6a7da7d12cf8cf2506ef3c46,81c2c6626e2c9a8c,1
train,BUY,61,0,C:\Users\thaba\OneDrive\Documents\The 808 Vision 2026\phoenixguard\808 Memory\BUYS-20260224T225615Z-1-001\BUYS\Screenshot_20221208_110040.png,C:\Users\thaba\OneDrive\Documents\The 808 Vision 2026\phoenixguard\data\clean_split\train\BUY\00061_000_1666906cfdb2.png,1666906cfdb289a3463cb30cec51f763d1d767f9f92312a669fdab24f00087d6,813c709abc80b28c,1
train,BUY,62,0,C:\Users\thaba\OneDrive\Documents\The 808 Vision 2026\phoenixguard\808 Memory\BUYS-20260224T225615Z-1-001\BUYS\Screenshot_20221212_161739.png,C:\Users\thaba\OneDrive\Documents\The 808 Vision 2026\phoenixguard\data\clean_split\train\BUY\00062_000_57b5054487ac.png,57b5054487ac171f6ccc0a99d10659172419764a4d8c1b94be25d03c76a0214b,857222a69e98e28f,1
train,BUY,63,0,C:\Users\thaba\OneDrive\Documents\The 808 Vision 2026\phoenixguard\808 Memory\BUYS-20260224T225615Z-1-001\BUYS\Screenshot_20221212_165056.png,C:\Users\thaba\OneDrive\Documents\The 808 Vision 2026\phoenixguard\data\clean_split\train\BUY\00063_000_b12b2fcd1a0a.png,b12b2fcd1a0a4db12661c4ce29023e936fb4acb72bd581b46c4546f73d65e571,8286862a929ac00e,1
val,BUY,64,0,C:\Users\thaba\OneDrive\Documents\The 808 Vision 2026\phoenixguard\808 Memory\BUYS-20260224T225615Z-1-001\BUYS\Screenshot_20221213_050418.png,C:\Users\thaba\OneDrive\Documents\The 808 Vision 2026\phoenixguard\data\clean_split\val\BUY\00064_000_b68aa6e55021.png,b68aa6e55021a0cdf483117f955ad97eff526596d17bc304d4f4957b8231c844,858616a2caa0f28e,1
train,BUY,65,0,C:\Users\thaba\OneDrive\Documents\The 808 Vision 2026\phoenixguard\808 Memory\BUYS-20260224T225615Z-1-001\BUYS\Screenshot_20221213_135440.png,C:\Users\thaba\OneDrive\Documents\The 808 Vision 2026\phoenixguard\data\clean_split\train\BUY\00065_000_e073aaa81127.png,e073aaa81127568dc4a4876e52e3b9b27853133b17996675d7587b1a2297c10c,81444666922a188e,1
train,BUY,66,0,C:\Users\thaba\OneDrive\Documents\The 808 Vision 2026\phoenixguard\808 Memory\BUYS-20260224T225615Z-1-001\BUYS\Screenshot_20221213_190314.png,C:\Users\thaba\OneDrive\Documents\The 808 Vision 2026\phoenixguard\data\clean_split\train\BUY\00066_000_b3804b04754e.png,b3804b04754e57b0e40c3546da0697f64ebf4b7fd37db49a3e5998fc190248e9,81c0c446a23a389f,1
train,BUY,67,0,C:\Users\thaba\OneDrive\Documents\The 808 Vision 2026\phoenixguard\808 Memory\BUYS-20260224T225615Z-1-001\BUYS\Screenshot_20221215_142743.png,C:\Users\thaba\OneDrive\Documents\The 808 Vision 2026\phoenixguard\data\clean_split\train\BUY\00067_000_0cb50d07b1e2.png,0cb50d07b1e28f04efcfd6b326c70596cd65ba976f46132998441ac4bcf9da92,91c6829a8eae7a8e,1
train,BUY,68,0,C:\Users\thaba\OneDrive\Documents\The 808 Vision 2026\phoenixguard\808 Memory\BUYS-20260224T225615Z-1-001\BUYS\Screenshot_20221215_143814.png,C:\Users\thaba\OneDrive\Documents\The 808 Vision 2026\phoenixguard\data\clean_split\train\BUY\00068_000_5f81f59cde8b.png,5f81f59cde8ba9cee8cc6aad5340c1042deca234ffe5a7e3fead0e3bcc70dc12,81d232b6c64e4a8e,1
test,BUY,69,0,C:\Users\thaba\OneDrive\Documents\The 808 Vision 2026\phoenixguard\808 Memory\BUYS-20260224T225615Z-1-001\BUYS\Screenshot_20221215_203226.png,C:\Users\thaba\OneDrive\Documents\The 808 Vision 2026\phoenixguard\data\clean_split\test\BUY\00069_000_ad379928e396.png,ad379928e396bbbe28533a60739adca991e4ff9533c70f47e6bbfddbc24e6625,85c202c6fa8e1a8e,1
train,BUY,70,0,C:\Users\thaba\OneDrive\Documents\The 808 Vision 2026\phoenixguard\808 Memory\BUYS-20260224T225615Z-1-001\BUYS\Screenshot_20221219_145530.png,C:\Users\thaba\OneDrive\Documents\The 808 Vision 2026\phoenixguard\data\clean_split\train\BUY\00070_000_d9d0c8fe706f.png,d9d0c8fe706f361786345e1536e5be5eaafedd47b7ef1490f52a5886c74c71db,81da9ce66686b20c,1
train,BUY,71,0,C:\Users\thaba\OneDrive\Documents\The 808 Vision 2026\phoenixguard\808 Memory\BUYS-20260224T225615Z-1-001\BUYS\Screenshot_20221227_200814.png,C:\Users\thaba\OneDrive\Documents\The 808 Vision 2026\phoenixguard\data\clean_split\train\BUY\00071_000_3b1ae8d62fa7.png,3b1ae8d62fa704144a820ae2fab6a99732dbbcb2d1bee9dadf2ca01a1d19e284,91ceacb6c2b2e28c,1
train,BUY,71,1,C:\Users\thaba\OneDrive\Documents\The 808 Vision 2026\phoenixguard\808 Memory\BUYS-20260224T225615Z-1-001\BUYS\Screenshot_20221227_200828.png,C:\Users\thaba\OneDrive\Documents\The 808 Vision 2026\phoenixguard\data\clean_split\train\BUY\00071_001_e3ffa4b00483.png,e3ffa4b0048370288711477f55137c1075210381e4fefb72a9723ee07c61fa58,91ceacb6c2b2e28c,0
train,BUY,72,0,C:\Users\thaba\OneDrive\Documents\The 808 Vision 2026\phoenixguard\808 Memory\BUYS-20260224T225615Z-1-001\BUYS\Screenshot_20221227_201041.png,C:\Users\thaba\OneDrive\Documents\The 808 Vision 2026\phoenixguard\data\clean_split\train\BUY\00072_000_0eb6c83355d5.png,0eb6c83355d56f4b49cc226e39079234713d677ba4628fa37dcf551238cb49ac,91c20a89d940ca86,1
train,BUY,73,0,C:\Users\thaba\OneDrive\Documents\The 808 Vision 2026\phoenixguard\808 Memory\BUYS-20260224T225615Z-1-001\BUYS\Screenshot_20221227_201327.png,C:\Users\thaba\OneDrive\Documents\The 808 Vision 2026\phoenixguard\data\clean_split\train\BUY\00073_000_a5681271ede9.png,a5681271ede9d9f0fefce070362869936a36d35749fd1010cbbcf83297593433,81820a89d978008b,1
train,BUY,74,0,C:\Users\thaba\OneDrive\Documents\The 808 Vision 2026\phoenixguard\808 Memory\BUYS-20260224T225615Z-1-001\BUYS\Screenshot_20221228_124559.png,C:\Users\thaba\OneDrive\Documents\The 808 Vision 2026\phoenixguard\data\clean_split\train\BUY\00074_000_f00024898b3b.png,f00024898b3b05912a5bb30837f414d4fa4f00a79fd88238dd7f1fbe01a0b924,834666aa9ab8ba8d,1
test,BUY,75,0,C:\Users\thaba\OneDrive\Documents\The 808 Vision 2026\phoenixguard\808 Memory\BUYS-20260224T225615Z-1-001\BUYS\Screenshot_20221229_201913.png,C:\Users\thaba\OneDrive\Documents\The 808 Vision 2026\phoenixguard\data\clean_split\test\BUY\00075_000_019832b0da52.png,019832b0da5222c79aa22fed362962d930d911aa3464b21d44aa120767542840,81a43616a2ca5a8c,1
train,BUY,76,0,C:\Users\thaba\OneDrive\Documents\The 808 Vision 2026\phoenixguard\808 Memory\BUYS-20260224T225615Z-1-001\BUYS\Screenshot_20230103_074203.png,C:\Users\thaba\OneDrive\Documents\The 808 Vision 2026\phoenixguard\data\clean_split\train\BUY\00076_000_0b0c59061c44.png,0b0c59061c445a626b9a43ee8ae61edb2ac3a0002daea1343b6cd3fe6b7d6464,81c202666ebebecc,1
val,BUY,77,0,C:\Users\thaba\OneDrive\Documents\The 808 Vision 2026\phoenixguard\808 Memory\BUYS-20260224T225615Z-1-001\BUYS\Screenshot_20230103_175248.png,C:\Users\thaba\OneDrive\Documents\The 808 Vision 2026\phoenixguard\data\clean_split\val\BUY\00077_000_11a2b3124779.png,11a2b312477959d4ae400a52032b06199f71a775cf4ed9b5bd320093a30788a7,81c26206a6b2baec,1
train,BUY,78,0,C:\Users\thaba\OneDrive\Documents\The 808 Vision 2026\phoenixguard\808 Memory\BUYS-20260224T225615Z-1-001\BUYS\Screenshot_20230103_222146.png,C:\Users\thaba\OneDrive\Documents\The 808 Vision 2026\phoenixguard\data\clean_split\train\BUY\00078_000_34636f54f40b.png,34636f54f40bcb4718f571ec738043b77a7d87f2b581bdbc9199eaaf5182ae21,85921eb2aa82fa6c,1
val,BUY,79,0,C:\Users\thaba\OneDrive\Documents\The 808 Vision 2026\phoenixguard\808 Memory\BUYS-20260224T225615Z-1-001\BUYS\Screenshot_20230104_171929.png,C:\Users\thaba\OneDrive\Documents\The 808 Vision 2026\phoenixguard\data\clean_split\val\BUY\00079_000_e0ed2d52a61d.png,e0ed2d52a61de03919527c92b1273ae302fc34389a275e3beea39b3994e73f18,13a272469e82fb2c,1
train,BUY,80,0,C:\Users\thaba\OneDrive\Documents\The 808 Vision 2026\phoenixguard\808 Memory\BUYS-20260224T225615Z-1-001\BUYS\Screenshot_20230105_211407.png,C:\Users\thaba\OneDrive\Documents\The 808 Vision 2026\phoenixguard\data\clean_split\train\BUY\00080_000_03b29c55b04e.png,03b29c55b04e0be38d8b13a152873ed8b4de35a018ae6f9c07517bd1089402d6,91c6029a18b2fa6e,1
test,BUY,81,0,C:\Users\thaba\OneDrive\Documents\The 808 Vision 2026\phoenixguard\808 Memory\BUYS-20260224T225615Z-1-001\BUYS\Screenshot_20230111_215323.png,C:\Users\thaba\OneDrive\Documents\The 808 Vision 2026\phoenixguard\data\clean_split\test\BUY\00081_000_c61803be7379.png,c61803be7379e2b2206742aa8e2a88468afd7e8a4c24ca65fc7f0c7458f8aac1,91380a9af6867a6d,1
train,BUY,82,0,C:\Users\thaba\OneDrive\Documents\The 808 Vision 2026\phoenixguard\808 Memory\BUYS-20260224T225615Z-1-001\BUYS\Screenshot_20230116_142206.png,C:\Users\thaba\OneDrive\Documents\The 808 Vision 2026\phoenixguard\data\clean_split\train\BUY\00082_000_289da03efea0.png,289da03efea0c32146c5023b3cb802f7348c6fb40f52ac1897aa352125f00e24,978a4c329a927a6c,1
val,BUY,83,0,C:\Users\thaba\OneDrive\Documents\The 808 Vision 2026\phoenixguard\808 Memory\BUYS-20260224T225615Z-1-001\BUYS\Screenshot_20230116_183521.png,C:\Users\thaba\OneDrive\Documents\The 808 Vision 2026\phoenixguard\data\clean_split\val\BUY\00083_000_2e558891fe78.png,2e558891fe78650702928b45aa5197e7bbe96a70e6125ef62813bebf6d1ba640,83c3a2b09c0af86d,1
train,BUY,84,0,C:\Users\thaba\OneDrive\Documents\The 808 Vision 2026\phoenixguard\808 Memory\BUYS-20260224T225615Z-1-001\BUYS\Screenshot_20230123_193035.png,C:\Users\thaba\OneDrive\Documents\The 808 Vision 2026\phoenixguard\data\clean_split\train\BUY\00084_000_4c34ddee1587.png,4c34ddee158736b8d7f4ca1f94d0f695f4419d6bbbfd66df51fd670321c89d5f,81361e4ce6c2ba2c,1
train,BUY,85,0,C:\Users\thaba\OneDrive\Documents\The 808 Vision 2026\phoenixguard\808 Memory\BUYS-20260224T225615Z-1-001\BUYS\Screenshot_20230123_193309.png,C:\Users\thaba\OneDrive\Documents\The 808 Vision 2026\phoenixguard\data\clean_split\train\BUY\00085_000_089e5f343f57.png,089e5f343f57a642efc22823f8579331c3166a70fb43e366dd214c9c7900260a,81361e4ce6c2fa3d,1
test,BUY,86,0,C:\Users\thaba\OneDrive\Documents\The 808 Vision 2026\phoenixguard\808 Memory\BUYS-20260224T225615Z-1-001\BUYS\Screenshot_20230125_111601.png,C:\Users\thaba\OneDrive\Documents\The 808 Vision 2026\phoenixguard\data\clean_split\test\BUY\00086_000_f685346ec1b1.png,f685346ec1b1544322597b5fb4a86b6ce69c7225da28eecd13518cc8b030e4d4,91da0626f2c0faec,1
train,BUY,87,0,C:\Users\thaba\OneDrive\Documents\The 808 Vision 2026\phoenixguard\808 Memory\BUYS-20260224T225615Z-1-001\BUYS\Screenshot_20230130_101822.png,C:\Users\thaba\OneDrive\Documents\The 808 Vision 2026\phoenixguard\data\clean_split\train\BUY\00087_000_46f4b2f76039.png,46f4b2f76039585177c129b11c09324b47c6c25e696b9364ae95980abb5f96ae,919c36cab6c6ba2d,1
train,BUY,87,1,C:\Users\thaba\OneDrive\Documents\The 808 Vision 2026\phoenixguard\808 Memory\BUYS-20260224T225615Z-1-001\BUYS\Screenshot_20230130_101850.png,C:\Users\thaba\OneDrive\Documents\The 808 Vision 2026\phoenixguard\data\clean_split\train\BUY\00087_001_b46f154905a4.png,b46f154905a447528b72246dcd7e24e45b84f897113dd8b6c9f89370b709fe6a,919c36cab6c6ba2d,0
train,BUY,87,2,C:\Users\thaba\OneDrive\Documents\The 808 Vision 2026\phoenixguard\808 Memory\BUYS-20260224T225615Z-1-001\BUYS\Screenshot_20230130_101903.png,C:\Users\thaba\OneDrive\Documents\The 808 Vision 2026\phoenixguard\data\clean_split\train\BUY\00087_002_72e3fb67f6c3.png,72e3fb67f6c3f182dc27bcd95fd520ae933837c35040805057abbd64b51e49ed,919c36cab6c6ba2d,0
train,BUY,88,0,C:\Users\thaba\OneDrive\Documents\The 808 Vision 2026\phoenixguard\808 Memory\BUYS-20260224T225615Z-1-001\BUYS\Screenshot_20230130_102151.png,C:\Users\thaba\OneDrive\Documents\The 808 Vision 2026\phoenixguard\data\clean_split\train\BUY\00088_000_9cab77001e5a.png,9cab77001e5a3b602ef9cadbbc5de0f98e68a0149f9e69a5821bcba420bbdda7,91b018eeee82ba2c,1
train,BUY,88,1,C:\Users\thaba\OneDrive\Documents\The 808 Vision 2026\phoenixguard\808 Memory\BUYS-20260224T225615Z-1-001\BUYS\Screenshot_20230130_102306.png,C:\Users\thaba\OneDrive\Documents\The 808 Vision 2026\phoenixguard\data\clean_split\train\BUY\00088_001_e8671e7597e0.png,e8671e7597e06bf112d5d33ce6f6195b1cc3f0a3df6addca5ef416893bc693ec,91b018eeee82ba2d,0
val,BUY,89,0,C:\Users\thaba\OneDrive\Documents\The 808 Vision 2026\phoenixguard\808 Memory\BUYS-20260224T225615Z-1-001\BUYS\Screenshot_20230130_102251.png,C:\Users\thaba\OneDrive\Documents\The 808 Vision 2026\phoenixguard\data\clean_split\val\BUY\00089_000_f79316f9db47.png,f79316f9db47eb78fa76ca97eaa69d4e6e67848a6565f4e66a088697cc3fbee3,91b01848ee86b23a,1
val,BUY,90,0,C:\Users\thaba\OneDrive\Documents\The 808 Vision 2026\phoenixguard\808 Memory\BUYS-20260224T225615Z-1-001\BUYS\Screenshot_20230130_103923.png,C:\Users\thaba\OneDrive\Documents\The 808 Vision 2026\phoenixguard\data\clean_split\val\BUY\00090_000_48cd4fe10a3f.png,48cd4fe10a3feb2620316f3495adb6ff1d4f7d18c51e8ecbf391ab9547024039,91ec64be9692baad,1
train,BUY,91,0,C:\Users\thaba\OneDrive\Documents\The 808 Vision 2026\phoenixguard\808 Memory\BUYS-20260224T225615Z-1-001\BUYS\Screenshot_20230130_103937.png,C:\Users\thaba\OneDrive\Documents\The 808 Vision 2026\phoenixguard\data\clean_split\train\BUY\00091_000_54e503a3b618.png,54e503a3b618b36423ab16cc1b78aa303b43c6cf1cb356b418dd161ab8673b55,816060e0b890ba2c,1
train,BUY,91,1,C:\Users\thaba\OneDrive\Documents\The 808 Vision 2026\phoenixguard\808 Memory\BUYS-20260224T225615Z-1-001\BUYS\Screenshot_20230130_133613.png,C:\Users\thaba\OneDrive\Documents\The 808 Vision 2026\phoenixguard\data\clean_split\train\BUY\00091_001_1ba36ea34756.png,1ba36ea34756a59696548b5ae8aef0a6cab9993ca3d270c87e368793ad5cbfd4,816060e0b890ba2c,0
train,BUY,92,0,C:\Users\thaba\OneDrive\Documents\The 808 Vision 2026\phoenixguard\808 Memory\BUYS-20260224T225615Z-1-001\BUYS\Screenshot_20230130_133716.png,C:\Users\thaba\OneDrive\Documents\The 808 Vision 2026\phoenixguard\data\clean_split\train\BUY\00092_000_92a26b6eb229.png,92a26b6eb2292dc1946123ef607dbcd276789a45db9e0c96b4eb9e7e88f5d63e,81c06c26b292baac,1
train,BUY,93,0,C:\Users\thaba\OneDrive\Documents\The 808 Vision 2026\phoenixguard\808 Memory\BUYS-20260224T225615Z-1-001\BUYS\Screenshot_20230130_134004.png,C:\Users\thaba\OneDrive\Documents\The 808 Vision 2026\phoenixguard\data\clean_split\train\BUY\00093_000_e1aea6aba084.png,e1aea6aba084ad9a9c76b04b0361294b98880e26d2571d6f6de0f8834c9806f0,8130185ece86ba2d,1
test,BUY,94,0,C:\Users\thaba\OneDrive\Documents\The 808 Vision 2026\phoenixguard\808 Memory\BUYS-20260224T225615Z-1-001\BUYS\Screenshot_20230131_230237.png,C:\Users\thaba\OneDrive\Documents\The 808 Vision 2026\phoenixguard\data\clean_split\test\BUY\00094_000_062097a874e7.png,062097a874e7826850ec3349bd6f47819cdbbbef7935025fdce354b1e8c3b11f,914c66b2b2863abc,1
train,BUY,95,0,C:\Users\thaba\OneDrive\Documents\The 808 Vision 2026\phoenixguard\808 Memory\BUYS-20260224T225615Z-1-001\BUYS\Screenshot_20230201_162355.png,C:\Users\thaba\OneDrive\Documents\The 808 Vision 2026\phoenixguard\data\clean_split\train\BUY\00095_000_fbbaeadb3205.png,fbbaeadb32059032e9a06f822d2c3a751b04325262d089a03642e8fd0a3f2910,812604d452c23abc,1
train,BUY,96,0,C:\Users\thaba\OneDrive\Documents\The 808 Vision 2026\phoenixguard\808 Memory\BUYS-20260224T225615Z-1-001\BUYS\Screenshot_20230201_162513.png,C:\Users\thaba\OneDrive\Documents\The 808 Vision 2026\phoenixguard\data\clean_split\train\BUY\00096_000_84d88524dafa.png,84d88524dafa0b24edc2624b8b955e862630bb2454b12134e781570d3dbe57e2,81b020a0b090ba3c,1
train,BUY,96,1,C:\Users\thaba\OneDrive\Documents\The 808 Vision 2026\phoenixguard\808 Memory\BUYS-20260224T225615Z-1-001\BUYS\Screenshot_20230201_162815.png,C:\Users\thaba\OneDrive\Documents\The 808 Vision 2026\phoenixguard\data\clean_split\train\BUY\00096_001_113220bb0471.png,113220bb04714957be16d75e67a8013335a97c18f8d4a0636d01849f2396436b,81b020a0b090b83c,0
val,BUY,97,0,C:\Users\thaba\OneDrive\Documents\The 808 Vision 2026\phoenixguard\808 Memory\BUYS-20260224T225615Z-1-001\BUYS\Screenshot_20230201_221307.png,C:\Users\thaba\OneDrive\Documents\The 808 Vision 2026\phoenixguard\data\clean_split\val\BUY\00097_000_d434ed129117.png,d434ed129117e94e4fd9d6a2177f711d32e16299169adb173720a613541b1e68,91ce0a9ae2467ebd,1
train,BUY,98,0,C:\Users\thaba\OneDrive\Documents\The 808 Vision 2026\phoenixguard\808 Memory\BUYS-20260224T225615Z-1-001\BUYS\Screenshot_20230201_224607.png,C:\Users\thaba\OneDrive\Documents\The 808 Vision 2026\phoenixguard\data\clean_split\train\BUY\00098_000_8620897f3e0a.png,8620897f3e0ac382fe60692a7765e04db23855975fca555e893b1c8b1b3b1cc5,81e636b6568ababd,1
val,BUY,99,0,C:\Users\thaba\OneDrive\Documents\The 808 Vision 2026\phoenixguard\808 Memory\BUYS-20260224T225615Z-1-001\BUYS\Screenshot_20230202_013224.png,C:\Users\thaba\OneDrive\Documents\The 808 Vision 2026\phoenixguard\data\clean_split\val\BUY\00099_000_51d3cc3eb46c.png,51d3cc3eb46cb9265c7fba21f178be518a3e7032fa58627256a2045232d67efb,81b0b2e6569ababd,1
train,BUY,100,0,C:\Users\thaba\OneDrive\Documents\The 808 Vision 2026\phoenixguard\808 Memory\BUYS-20260224T225615Z-1-001\BUYS\Screenshot_20230202_202917.png,C:\Users\thaba\OneDrive\Documents\The 808 Vision 2026\phoenixguard\data\clean_split\train\BUY\00100_000_a14cda688731.png,a14cda68873142ba42d6a62aaab501f0417e7f156e95aae2064662442bb51928,91ccaeb65282fabe,1
val,BUY,101,0,C:\Users\thaba\OneDrive\Documents\The 808 Vision 2026\phoenixguard\808 Memory\BUYS-20260224T225615Z-1-001\BUYS\Screenshot_20230203_090944.png,C:\Users\thaba\OneDrive\Documents\The 808 Vision 2026\phoenixguard\data\clean_split\val\BUY\00101_000_784922bf46ed.png,784922bf46ed9e85506fb789453f8989d42ea430424edd5c97c3a07c2a33ebb3,85e2069a7200baad,1
val,BUY,102,0,C:\Users\thaba\OneDrive\Documents\The 808 Vision 2026\phoenixguard\808 Memory\BUYS-20260224T225615Z-1-001\BUYS\Screenshot_20230203_092432.png,C:\Users\thaba\OneDrive\Documents\The 808 Vision 2026\phoenixguard\data\clean_split\val\BUY\00102_000_1c3a403345da.png,1c3a403345da642a8d99356bfcf72c80f230463e9a576490f796b871cfc39869,81e453938a0ef8bc,1
test,BUY,103,0,C:\Users\thaba\OneDrive\Documents\The 808 Vision 2026\phoenixguard\808 Memory\BUYS-20260224T225615Z-1-001\BUYS\Screenshot_20230213_181055.png,C:\Users\thaba\OneDrive\Documents\The 808 Vision 2026\phoenixguard\data\clean_split\test\BUY\00103_000_83240ee54ce9.png,83240ee54ce93919fc9c0b46c189f5bc1cbe4ee10cb43c78c688439971d388cf,81cc169ab6c2f93d,1
val,BUY,104,0,C:\Users\thaba\OneDrive\Documents\The 808 Vision 2026\phoenixguard\808 Memory\BUYS-20260224T225615Z-1-001\BUYS\Screenshot_20230213_183142.png,C:\Users\thaba\OneDrive\Documents\The 808 Vision 2026\phoenixguard\data\clean_split\val\BUY\00104_000_58b3cd06f58d.png,58b3cd06f58d625b33c6c2b6e9f4ab3494150262cad21409fd382bedee75eb35,91982c36e682fa3e,1
train,BUY,105,0,C:\Users\thaba\OneDrive\Documents\The 808 Vision 2026\phoenixguard\808 Memory\BUYS-20260224T225615Z-1-001\BUYS\Screenshot_20230213_183225.png,C:\Users\thaba\OneDrive\Documents\The 808 Vision 2026\phoenixguard\data\clean_split\train\BUY\00105_000_9bd5ed13415e.png,9bd5ed13415e66c9ab7f5f4f1a309d337c93cf06907dfefaf5fbc21240ba9ec0,91d8cca6e682fabe,1
train,BUY,106,0,C:\Users\thaba\OneDrive\Documents\The 808 Vision 2026\phoenixguard\808 Memory\BUYS-20260224T225615Z-1-001\BUYS\Screenshot_20230213_183329.png,C:\Users\thaba\OneDrive\Documents\The 808 Vision 2026\phoenixguard\data\clean_split\train\BUY\00106_000_879fbd265c23.png,879fbd265c23503d9e4ec1586d66b1a2d0e535e8ba56bcd28405628da5591136,81d8d8d6ae82fabe,1
val,BUY,107,0,C:\Users\thaba\OneDrive\Documents\The 808 Vision 2026\phoenixguard\808 Memory\BUYS-20260224T225615Z-1-001\BUYS\Screenshot_20230214_012839.png,C:\Users\thaba\OneDrive\Documents\The 808 Vision 2026\phoenixguard\data\clean_split\val\BUY\00107_000_bda5c042c0ce.png,bda5c042c0ce50a55ef09d9dc1acf63ee07e462f1925e9fb3c0afeed5b9edcbc,8170189e868afbbe,1
test,BUY,108,0,C:\Users\thaba\OneDrive\Documents\The 808 Vision 2026\phoenixguard\808 Memory\BUYS-20260224T225615Z-1-001\BUYS\Screenshot_20230216_203348.png,C:\Users\thaba\OneDrive\Documents\The 808 Vision 2026\phoenixguard\data\clean_split\test\BUY\00108_000_0e49e89d769a.png,0e49e89d769a10c5585472226a2a2abc70c528f3e75ba4a7304e3f4981327e58,95ae96964680f83e,1
train,BUY,109,0,C:\Users\thaba\OneDrive\Documents\The 808 Vision 2026\phoenixguard\808 Memory\BUYS-20260224T225615Z-1-001\BUYS\Screenshot_20230216_203822.png,C:\Users\thaba\OneDrive\Documents\The 808 Vision 2026\phoenixguard\data\clean_split\train\BUY\00109_000_492c454e71c8.png,492c454e71c86b4f602b75054c428b6437eceaf1c60c73cdc1857fbeb9d3d5eb,81b292c6a61abebe,1
train,BUY,110,0,C:\Users\thaba\OneDrive\Documents\The 808 Vision 2026\phoenixguard\808 Memory\BUYS-20260224T225615Z-1-001\BUYS\Screenshot_20230217_204712.png,C:\Users\thaba\OneDrive\Documents\The 808 Vision 2026\phoenixguard\data\clean_split\train\BUY\00110_000_85eb427f1ab6.png,85eb427f1ab6ed0fdc538e82acd53c6bfd16a7cd993763503df7e89b14b5ab45,813098de8e067b3f,1
train,BUY,110,1,C:\Users\thaba\OneDrive\Documents\The 808 Vision 2026\phoenixguard\808 Memory\BUYS-20260224T225615Z-1-001\BUYS\Screenshot_20230217_204910.png,C:\Users\thaba\OneDrive\Documents\The 808 Vision 2026\phoenixguard\data\clean_split\train\BUY\00110_001_9e1004b3c975.png,9e1004b3c9752c599d7ed07de85dc93578acbdb48e69d259f7eefe41449ef993,813098de8e067e3f,0
train,BUY,111,0,C:\Users\thaba\OneDrive\Documents\The 808 Vision 2026\phoenixguard\808 Memory\BUYS-20260224T225615Z-1-001\BUYS\Screenshot_20230217_204845.png,C:\Users\thaba\OneDrive\Documents\The 808 Vision 2026\phoenixguard\data\clean_split\train\BUY\00111_000_7d3460e37838.png,7d3460e37838ba24c5902297e63f2bebbda9fc182dbc29d58bc6326c952e775d,813098de8e067a3c,1
val,BUY,112,0,C:\Users\thaba\OneDrive\Documents\The 808 Vision 2026\phoenixguard\808 Memory\BUYS-20260224T225615Z-1-001\BUYS\Screenshot_20230217_204919.png,C:\Users\thaba\OneDrive\Documents\The 808 Vision 2026\phoenixguard\data\clean_split\val\BUY\00112_000_234c0d22d2d2.png,234c0d22d2d2a276e5682c5b0f059e48a93b9672b6229b157cadaf8b4de35044,817098ce86867a3f,1
test,BUY,113,0,C:\Users\thaba\OneDrive\Documents\The 808 Vision 2026\phoenixguard\808 Memory\BUYS-20260224T225615Z-1-001\BUYS\Screenshot_20230220_134549.png,C:\Users\thaba\OneDrive\Documents\The 808 Vision 2026\phoenixguard\data\clean_split\test\BUY\00113_000_068fdba11a49.png,068fdba11a491252ec95424db4169c16172b877595ea5af44427959ca6db095e,868092b24a4cfebd,1
test,BUY,114,0,C:\Users\thaba\OneDrive\Documents\The 808 Vision 2026\phoenixguard\808 Memory\BUYS-20260224T225615Z-1-001\BUYS\Screenshot_20230220_135847.png,C:\Users\thaba\OneDrive\Documents\The 808 Vision 2026\phoenixguard\data\clean_split\test\BUY\00114_000_c91d49bd125f.png,c91d49bd125fcba8e8591837e2b854438d8ff373d0b12200e077fc97d0bfc006,9684c6f2bc0cbabf,1
train,BUY,115,0,C:\Users\thaba\OneDrive\Documents\The 808 Vision 2026\phoenixguard\808 Memory\BUYS-20260224T225615Z-1-001\BUYS\Screenshot_20230221_124058.png,C:\Users\thaba\OneDrive\Documents\The 808 Vision 2026\phoenixguard\data\clean_split\train\BUY\00115_000_3b583826bb76.png,3b583826bb76a882c8579c6281266fd6dacec9c9b8f1bb40a6b3d30996122f0e,8600969ae220b8bf,1
train,BUY,115,1,C:\Users\thaba\OneDrive\Documents\The 808 Vision 2026\phoenixguard\808 Memory\BUYS-20260224T225615Z-1-001\BUYS\Screenshot_20230221_135031.png,C:\Users\thaba\OneDrive\Documents\The 808 Vision 2026\phoenixguard\data\clean_split\train\BUY\00115_001_021152376238.png,021152376238e62ce1f86f43c79b8d859a4c64f96e59e5a752c414336eb7fe42,8600969ae220b8bc,0
train,BUY,116,0,C:\Users\thaba\OneDrive\Documents\The 808 Vision 2026\phoenixguard\808 Memory\BUYS-20260224T225615Z-1-001\BUYS\WhatsApp Image 2026-03-09 at 5.02.26 AM.jpeg,C:\Users\thaba\OneDrive\Documents\The 808 Vision 2026\phoenixguard\data\clean_split\train\BUY\00116_000_f91d4652d515.jpeg,f91d4652d5155f3732f66cd0059f51d6d30fbb19c6391a141b65b9f0c08698e4,0919f8e581ad094c,1
train,SELL,117,0,C:\Users\thaba\OneDrive\Documents\The 808 Vision 2026\phoenixguard\808 Memory\SELLS-20260224T225719Z-1-001\SELLS\EURCAD .png,C:\Users\thaba\OneDrive\Documents\The 808 Vision 2026\phoenixguard\data\clean_split\train\SELL\00117_000_e818be58bd75.png,e818be58bd755aead7b7b4cfc5c0d8e272cb9ce90d8e26b66badb91386e53d68,9c50cecea602fa3f,1
train,SELL,118,0,C:\Users\thaba\OneDrive\Documents\The 808 Vision 2026\phoenixguard\808 Memory\SELLS-20260224T225719Z-1-001\SELLS\EURCAD After.png,C:\Users\thaba\OneDrive\Documents\The 808 Vision 2026\phoenixguard\data\clean_split\train\SELL\00118_000_00a0b91bf4b4.png,00a0b91bf4b4f2ae57446c778c5074ef438b521b203d6f9f6238867b866935ea,8c8060b29a06dc5b,1
train,SELL,119,0,C:\Users\thaba\OneDrive\Documents\The 808 Vision 2026\phoenixguard\808 Memory\SELLS-20260224T225719Z-1-001\SELLS\EURJPY IQ TRADE.png,C:\Users\thaba\OneDrive\Documents\The 808 Vision 2026\phoenixguard\data\clean_split\train\SELL\00119_000_df26fb96f7da.png,df26fb96f7da09354437b26ebe8d1562f8dd2f29c816834e514b9f593553971d,c4ccac6edcd5c4e6,1
test,SELL,120,0,C:\Users\thaba\OneDrive\Documents\The 808 Vision 2026\phoenixguard\808 Memory\SELLS-20260224T225719Z-1-001\SELLS\EURJPY MT4 TRADE BUY.png,C:\Users\thaba\OneDrive\Documents\The 808 Vision 2026\phoenixguard\data\clean_split\test\SELL\00120_000_6a7608106495.png,6a7608106495d8c7f49d37cfcea6672f0dbbccab606386cb9e54f2ceed2370da,90ac96c682820213,1
test,SELL,121,0,C:\Users\thaba\OneDrive\Documents\The 808 Vision 2026\phoenixguard\808 Memory\SELLS-20260224T225719Z-1-001\SELLS\EURJPY MT4 TRADE.png,C:\Users\thaba\OneDrive\Documents\The 808 Vision 2026\phoenixguard\data\clean_split\test\SELL\00121_000_31afb289911f.png,31afb289911f00792b30b99a85f505024965e902767e8b39d0eca10c29bfb7e2,81c4ce96963a0026,1
train,SELL,122,0,C:\Users\thaba\OneDrive\Documents\The 808 Vision 2026\phoenixguard\808 Memory\SELLS-20260224T225719Z-1-001\SELLS\GBPJYP Sell trade.png,C:\Users\thaba\OneDrive\Documents\The 808 Vision 2026\phoenixguard\data\clean_split\train\SELL\00122_000_11ed19241a4d.png,11ed19241a4d15d5c592e01f806709ee19030226b2cdbbe2454fd1393ba408e0,80b6364ecad2800a,1
train,SELL,123,0,C:\Users\thaba\OneDrive\Documents\The 808 Vision 2026\phoenixguard\808 Memory\SELLS-20260224T225719Z-1-001\SELLS\GBPNZD Sell Trade.png,C:\Users\thaba\OneDrive\Documents\The 808 Vision 2026\phoenixguard\data\clean_split\train\SELL\00123_000_f011aa0eb42a.png,f011aa0eb42a38b0c593fcccb8cf5dc10d0919dc16f15f59ca1eb2c8163d1fa8,82828606366a809e,1
train,SELL,124,0,C:\Users\thaba\OneDrive\Documents\The 808 Vision 2026\phoenixguard\808 Memory\SELLS-20260224T225719Z-1-001\SELLS\GBPUSD 1M IQ IMT5Q.png,C:\Users\thaba\OneDrive\Documents\The 808 Vision 2026\phoenixguard\data\clean_split\train\SELL\00124_000_d806e0dff1d0.png,d806e0dff1d03fc058d5f7966680dbf3224a8b5a301aad220541215189500e23,839e96324aca88ca,1
train,SELL,125,0,C:\Users\thaba\OneDrive\Documents\The 808 Vision 2026\phoenixguard\808 Memory\SELLS-20260224T225719Z-1-001\SELLS\GBPUSD 1M IQ IQ.png,C:\Users\thaba\OneDrive\Documents\The 808 Vision 2026\phoenixguard\data\clean_split\train\SELL\00125_000_578f7f706cfb.png,578f7f706cfbffce0118a9fd3b842dafb7cd179a1b98b4aebeafa6bd6a54924a,c4f6ace69695b695,1
test,SELL,126,0,C:\Users\thaba\OneDrive\Documents\The 808 Vision 2026\phoenixguard\808 Memory\SELLS-20260224T225719Z-1-001\SELLS\GBPUSD 1M.png,C:\Users\thaba\OneDrive\Documents\The 808 Vision 2026\phoenixguard\data\clean_split\test\SELL\00126_000_1eb1ee42b5ba.png,1eb1ee42b5ba61faf68f9e58517c284ff66cff5d4df3b9a62285514086aef842,c2c484c6e4ad9cc9,1
train,SELL,127,0,C:\Users\thaba\OneDrive\Documents\The 808 Vision 2026\phoenixguard\808 Memory\SELLS-20260224T225719Z-1-001\SELLS\GBPUSD IQ Trade 22.png,C:\Users\thaba\OneDrive\Documents\The 808 Vision 2026\phoenixguard\data\clean_split\train\SELL\00127_000_345b015cb016.png,345b015cb016e548c7e299725f8fdd5c4f6f1789c8cb680546124d16a22f54d1,c2ccd222b49dcce5,1
train,SELL,128,0,C:\Users\thaba\OneDrive\Documents\The 808 Vision 2026\phoenixguard\808 Memory\SELLS-20260224T225719Z-1-001\SELLS\GBPUSD IQ Trade 222.png,C:\Users\thaba\OneDrive\Documents\The 808 Vision 2026\phoenixguard\data\clean_split\train\SELL\00128_000_5a245f077346.png,5a245f077346d27cf20d51d9b2828a3b0d5b8af9e98d823939ef3da34947fdfe,c6c4c8d6a4495ce9,1
val,SELL,129,0,C:\Users\thaba\OneDrive\Documents\The 808 Vision 2026\phoenixguard\808 Memory\SELLS-20260224T225719Z-1-001\SELLS\GBPUSD IQ Trade MT4 2.png,C:\Users\thaba\OneDrive\Documents\The 808 Vision 2026\phoenixguard\data\clean_split\val\SELL\00129_000_58969b381ef1.png,58969b381ef19d01e17fcfa7d2121ac7af6bdb88dfd4e3160ddfe0a76b3fedbf,c1c0d86e921a029b,1
val,SELL,130,0,C:\Users\thaba\OneDrive\Documents\The 808 Vision 2026\phoenixguard\808 Memory\SELLS-20260224T225719Z-1-001\SELLS\GBPUSD IQ Trade MT4.png,C:\Users\thaba\OneDrive\Documents\The 808 Vision 2026\phoenixguard\data\clean_split\val\SELL\00130_000_2299a6a78769.png,2299a6a787699611398c0728b4181e2d63e0450ef5b54f1004464254ae8d2731,8088dcce26a2029b,1
train,SELL,131,0,C:\Users\thaba\OneDrive\Documents\The 808 Vision 2026\phoenixguard\808 Memory\SELLS-20260224T225719Z-1-001\SELLS\GBPUSD IQ Trade.png,C:\Users\thaba\OneDrive\Documents\The 808 Vision 2026\phoenixguard\data\clean_split\train\SELL\00131_000_6f29b0eb57b6.png,6f29b0eb57b6a758946e862923210cddf13abde98264bb583ae075fc22bdf6e1,c4c4c6ba94c5d8e9,1
test,SELL,132,0,C:\Users\thaba\OneDrive\Documents\The 808 Vision 2026\phoenixguard\808 Memory\SELLS-20260224T225719Z-1-001\SELLS\Ger 30 Selling opportunity practice on demo.png,C:\Users\thaba\OneDrive\Documents\The 808 Vision 2026\phoenixguard\data\clean_split\test\SELL\00132_000_f0753325f6f2.png,f0753325f6f21d655f3e477c7b7f8ebe2a8e26aa5ebf4051edddcd9766e071f5,11d008ecaec60292,1
train,SELL,133,0,C:\Users\thaba\OneDrive\Documents\The 808 Vision 2026\phoenixguard\808 Memory\SELLS-20260224T225719Z-1-001\SELLS\NZDUSD DAILY.png,C:\Users\thaba\OneDrive\Documents\The 808 Vision 2026\phoenixguard\data\clean_split\train\SELL\00133_000_f9713b2f88da.png,f9713b2f88da4a79860b35162647d782c5c29bc449a2a25058ac52216af035fe,80108e26e2c20082,1
test,SELL,134,0,C:\Users\thaba\OneDrive\Documents\The 808 Vision 2026\phoenixguard\808 Memory\SELLS-20260224T225719Z-1-001\SELLS\NZDUSD H4.png,C:\Users\thaba\OneDrive\Documents\The 808 Vision 2026\phoenixguard\data\clean_split\test\SELL\00134_000_c7b57c2fed11.png,c7b57c2fed11f4957658128ccb68ad27c313b223d0559d176a662aea0b5e20fd,8180c07234060ab2,1
train,SELL,135,0,C:\Users\thaba\OneDrive\Documents\The 808 Vision 2026\phoenixguard\808 Memory\SELLS-20260224T225719Z-1-001\SELLS\Screenshot 2023-03-08 065838.png,C:\Users\thaba\OneDrive\Documents\The 808 Vision 2026\phoenixguard\data\clean_split\train\SELL\00135_000_4ee52fc15b11.png,4ee52fc15b11823d8a73dc9c9db0885b7dcb1e6b43ccebce4ac4626037407981,1daaaaeaac88a5a7,1
train,SELL,135,1,C:\Users\thaba\OneDrive\Documents\The 808 Vision 2026\phoenixguard\808 Memory\SELLS-20260224T225719Z-1-001\SELLS\Screenshot 2023-03-08 103850.png,C:\Users\thaba\OneDrive\Documents\The 808 Vision 2026\phoenixguard\data\clean_split\train\SELL\00135_001_fb6c4d97b6aa.png,fb6c4d97b6aab0260980cf224ab397ecf05d67eb48fa6d72405c3ad13b7e3133,1daaaaeaac88a5a7,0
train,SELL,136,0,C:\Users\thaba\OneDrive\Documents\The 808 Vision 2026\phoenixguard\808 Memory\SELLS-20260224T225719Z-1-001\SELLS\Screenshot 2023-03-21 014511.png,C:\Users\thaba\OneDrive\Documents\The 808 Vision 2026\phoenixguard\data\clean_split\train\SELL\00136_000_1614ddfe817f.png,1614ddfe817f5a08aa1330095ede52b56d432a946a44b01a348f37c8ef2d1e06,8c006ca6d682fa3e,1
train,SELL,137,0,C:\Users\thaba\OneDrive\Documents\The 808 Vision 2026\phoenixguard\808 Memory\SELLS-20260224T225719Z-1-001\SELLS\Screenshot 2023-03-31 155843.png,C:\Users\thaba\OneDrive\Documents\The 808 Vision 2026\phoenixguard\data\clean_split\train\SELL\00137_000_dcd98cf786b7.png,dcd98cf786b700187b27df2f7555c3f6ef20dfe2be114cd1730ae0b8d1757367,94808a825206783f,1
val,SELL,138,0,C:\Users\thaba\OneDrive\Documents\The 808 Vision 2026\phoenixguard\808 Memory\SELLS-20260224T225719Z-1-001\SELLS\Screenshot 2023-04-06 153718.png,C:\Users\thaba\OneDrive\Documents\The 808 Vision 2026\phoenixguard\data\clean_split\val\SELL\00138_000_9dc7390a1cd9.png,9dc7390a1cd9ec5c6e1dfa26d722d91465f26c99662acbef4aeff5494d496e2f,8c48641692027abf,1
train,SELL,139,0,C:\Users\thaba\OneDrive\Documents\The 808 Vision 2026\phoenixguard\808 Memory\SELLS-20260224T225719Z-1-001\SELLS\Screenshot 2023-04-06 154845.png,C:\Users\thaba\OneDrive\Documents\The 808 Vision 2026\phoenixguard\data\clean_split\train\SELL\00139_000_ed2a0f54b0b7.png,ed2a0f54b0b72551b1991353f6e43402515c9103de5c7196b06fba14963b4800,8cc0a62e92027abe,1
val,SELL,140,0,C:\Users\thaba\OneDrive\Documents\The 808 Vision 2026\phoenixguard\808 Memory\SELLS-20260224T225719Z-1-001\SELLS\Screenshot 2023-04-12 185950.png,C:\Users\thaba\OneDrive\Documents\The 808 Vision 2026\phoenixguard\data\clean_split\val\SELL\00140_000_680e4d86f579.png,680e4d86f5797dd7c36813e1330964cf1005e5d3042c7a174335cb32b1129d9a,8c80d0488c3cb89e,1
train,SELL,141,0,C:\Users\thaba\OneDrive\Documents\The 808 Vision 2026\phoenixguard\808 Memory\SELLS-20260224T225719Z-1-001\SELLS\Screenshot 2023-04-13 093657.png,C:\Users\thaba\OneDrive\Documents\The 808 Vision 2026\phoenixguard\data\clean_split\train\SELL\00141_000_1be6f4395504.png,1be6f43955048ba1f27c02c59546797f50ed80df9c491cc1ea55e621abe2b428,b4305ccc8cd86d9e,1
train,SELL,142,0,C:\Users\thaba\OneDrive\Documents\The 808 Vision 2026\phoenixguard\808 Memory\SELLS-20260224T225719Z-1-001\SELLS\Screenshot 2023-05-01 161305.png,C:\Users\thaba\OneDrive\Documents\The 808 Vision 2026\phoenixguard\data\clean_split\train\SELL\00142_000_894142054086.png,8941420540862a200ed9d4180e3b48574a100ffe1e90543cbb87ca32d627bcae,8c8064720a04781e,1
train,SELL,142,1,C:\Users\thaba\OneDrive\Documents\The 808 Vision 2026\phoenixguard\808 Memory\SELLS-20260224T225719Z-1-001\SELLS\Screenshot 2023-05-01 161337.png,C:\Users\thaba\OneDrive\Documents\The 808 Vision 2026\phoenixguard\data\clean_split\train\SELL\00142_001_1e00e62e616f.png,1e00e62e616fd35e1c76474b24d68e793d18fbe909d4c83e382195388f00dcf7,8c8064720a04781e,0
test,SELL,143,0,C:\Users\thaba\OneDrive\Documents\The 808 Vision 2026\phoenixguard\808 Memory\SELLS-20260224T225719Z-1-001\SELLS\Screenshot 2023-05-01 180225.png,C:\Users\thaba\OneDrive\Documents\The 808 Vision 2026\phoenixguard\data\clean_split\test\SELL\00143_000_306761afca21.png,306761afca215beaa4c333cd7092f33b3d95defeb9abb0ca48d3f0c19c0f7e1f,8c007c8e8602781f,1
train,SELL,144,0,C:\Users\thaba\OneDrive\Documents\The 808 Vision 2026\phoenixguard\808 Memory\SELLS-20260224T225719Z-1-001\SELLS\Screenshot 2023-05-02 063204.png,C:\Users\thaba\OneDrive\Documents\The 808 Vision 2026\phoenixguard\data\clean_split\train\SELL\00144_000_776cd4effbcd.png,776cd4effbcd9aeb050d51157c95921438a2e427eefc9522f338f5290ea8ebee,94028b187080f89f,1
train,SELL,144,1,C:\Users\thaba\OneDrive\Documents\The 808 Vision 2026\phoenixguard\808 Memory\SELLS-20260224T225719Z-1-001\SELLS\Screenshot 2023-05-02 063401.png,C:\Users\thaba\OneDrive\Documents\The 808 Vision 2026\phoenixguard\data\clean_split\train\SELL\00144_001_33da2d4e8876.png,33da2d4e88766fa37b03be109862c210f44208d1a262c091eed2b37d47d6c6ae,94028b187080f89f,0
train,SELL,144,2,C:\Users\thaba\OneDrive\Documents\The 808 Vision 2026\phoenixguard\808 Memory\SELLS-20260224T225719Z-1-001\SELLS\Screenshot 2023-05-02 063413.png,C:\Users\thaba\OneDrive\Documents\The 808 Vision 2026\phoenixguard\data\clean_split\train\SELL\00144_002_4b47955a9bbd.png,4b47955a9bbd6df2b9dae82126dcc4b3e56070f68fff3198e410b000388890bd,94028b187080f89e,0
train,SELL,144,3,C:\Users\thaba\OneDrive\Documents\The 808 Vision 2026\phoenixguard\808 Memory\SELLS-20260224T225719Z-1-001\SELLS\Screenshot 2023-05-02 063622.png,C:\Users\thaba\OneDrive\Documents\The 808 Vision 2026\phoenixguard\data\clean_split\train\SELL\00144_003_351a99b90750.png,351a99b907508229bf120b64c39172223ce8e145f2932cacdc9d011fecf9ff24,94028b187080f89f,0
train,SELL,144,4,C:\Users\thaba\OneDrive\Documents\The 808 Vision 2026\phoenixguard\808 Memory\SELLS-20260224T225719Z-1-001\SELLS\Screenshot 2023-05-02 065544.png,C:\Users\thaba\OneDrive\Documents\The 808 Vision 2026\phoenixguard\data\clean_split\train\SELL\00144_004_7af35707bfc4.png,7af35707bfc47cd9a760a222cce400e0c3126579aa8e88de1b8b01e0c46988c7,94028b187080789e,0
test,SELL,145,0,C:\Users\thaba\OneDrive\Documents\The 808 Vision 2026\phoenixguard\808 Memory\SELLS-20260224T225719Z-1-001\SELLS\Screenshot 2023-05-02 171243.png,C:\Users\thaba\OneDrive\Documents\The 808 Vision 2026\phoenixguard\data\clean_split\test\SELL\00145_000_e5f31adee5a8.png,e5f31adee5a8dba3a76569e59ac57b654d4264f7576675b64c628c6cfb6f6d0c,96868a8adea27a9e,1
train,SELL,146,0,C:\Users\thaba\OneDrive\Documents\The 808 Vision 2026\phoenixguard\808 Memory\SELLS-20260224T225719Z-1-001\SELLS\Screenshot 2023-05-03 061457.png,C:\Users\thaba\OneDrive\Documents\The 808 Vision 2026\phoenixguard\data\clean_split\train\SELL\00146_000_d1204094126d.png,d1204094126d92dcd079acbe59df53c8c55731ab262d853c5d7a205b6fd23c24,8484869a9ab67a9e,1
val,SELL,147,0,C:\Users\thaba\OneDrive\Documents\The 808 Vision 2026\phoenixguard\808 Memory\SELLS-20260224T225719Z-1-001\SELLS\Screenshot 2023-05-03 122623.png,C:\Users\thaba\OneDrive\Documents\The 808 Vision 2026\phoenixguard\data\clean_split\val\SELL\00147_000_b03cbe417b88.png,b03cbe417b8897c005a136823350a2cfd0698612cc11938ac56f77b9e6f8ba20,8c84968a92a47a9e,1
train,SELL,148,0,C:\Users\thaba\OneDrive\Documents\The 808 Vision 2026\phoenixguard\808 Memory\SELLS-20260224T225719Z-1-001\SELLS\Screenshot 2023-05-03 153926.png,C:\Users\thaba\OneDrive\Documents\The 808 Vision 2026\phoenixguard\data\clean_split\train\SELL\00148_000_b8a502a9f207.png,b8a502a9f207bdaecd094a7b4aac1ba28db26bd7e6ae010c8c80c836b13515de,86048acad8127a9e,1
train,SELL,149,0,C:\Users\thaba\OneDrive\Documents\The 808 Vision 2026\phoenixguard\808 Memory\SELLS-20260224T225719Z-1-001\SELLS\Screenshot 2023-05-04 053600.png,C:\Users\thaba\OneDrive\Documents\The 808 Vision 2026\phoenixguard\data\clean_split\train\SELL\00149_000_47b208f973fe.png,47b208f973fe99677cec6dc0b903796046a9b2e2fcd5d57158183fb7ba923fa2,980866b6e202f89e,1
train,SELL,149,1,C:\Users\thaba\OneDrive\Documents\The 808 Vision 2026\phoenixguard\808 Memory\SELLS-20260224T225719Z-1-001\SELLS\Screenshot 2023-05-04 053629.png,C:\Users\thaba\OneDrive\Documents\The 808 Vision 2026\phoenixguard\data\clean_split\train\SELL\00149_001_8d585cbdeef5.png,8d585cbdeef5d62b0f3c57e7fb5e9424325185417a2ffc8b8512569d1844109b,980866b6e202f89e,0
val,SELL,150,0,C:\Users\thaba\OneDrive\Documents\The 808 Vision 2026\phoenixguard\808 Memory\SELLS-20260224T225719Z-1-001\SELLS\Screenshot 2023-05-04 143902.png,C:\Users\thaba\OneDrive\Documents\The 808 Vision 2026\phoenixguard\data\clean_split\val\SELL\00150_000_2c78465b5c80.png,2c78465b5c8034ad1441938008e781f9c96c8f2a0428a2a7a59bc5c0e3a7087d,8c807270b830b89e,1
train,SELL,151,0,C:\Users\thaba\OneDrive\Documents\The 808 Vision 2026\phoenixguard\808 Memory\SELLS-20260224T225719Z-1-001\SELLS\Screenshot 2023-05-04 144541.png,C:\Users\thaba\OneDrive\Documents\The 808 Vision 2026\phoenixguard\data\clean_split\train\SELL\00151_000_e0fbd54433fd.png,e0fbd54433fdae6848b939b9868e771a3685eda207354a70a3be49f344f1bf12,9c105ac49606fa9e,1
train,SELL,151,1,C:\Users\thaba\OneDrive\Documents\The 808 Vision 2026\phoenixguard\808 Memory\SELLS-20260224T225719Z-1-001\SELLS\Screenshot 2023-05-04 144556.png,C:\Users\thaba\OneDrive\Documents\The 808 Vision 2026\phoenixguard\data\clean_split\train\SELL\00151_001_2ff84101edb9.png,2ff84101edb912dcbef852f1ad2b93f12f7f02c4e45a51e6dc83121e2005a6c4,9c105ac49606fa9e,0
train,SELL,151,2,C:\Users\thaba\OneDrive\Documents\The 808 Vision 2026\phoenixguard\808 Memory\SELLS-20260224T225719Z-1-001\SELLS\Screenshot 2023-05-04 144906.png,C:\Users\thaba\OneDrive\Documents\The 808 Vision 2026\phoenixguard\data\clean_split\train\SELL\00151_002_2ca2f5e8717d.png,2ca2f5e8717dfb4c03f4f40b7d29eeb9779bb1b30357d7d7414ec27d82254c41,9c105ac49606fa9e,0
train,SELL,152,0,C:\Users\thaba\OneDrive\Documents\The 808 Vision 2026\phoenixguard\808 Memory\SELLS-20260224T225719Z-1-001\SELLS\Screenshot 2023-05-05 135224.png,C:\Users\thaba\OneDrive\Documents\The 808 Vision 2026\phoenixguard\data\clean_split\train\SELL\00152_000_d0956aa6da67.png,d0956aa6da675d48c4ed0922b026b643e094ceeaa4f0d156d6df182c584c60aa,940436ba5a0e3a9e,1
train,SELL,152,1,C:\Users\thaba\OneDrive\Documents\The 808 Vision 2026\phoenixguard\808 Memory\SELLS-20260224T225719Z-1-001\SELLS\Screenshot 2023-05-05 143933.png,C:\Users\thaba\OneDrive\Documents\The 808 Vision 2026\phoenixguard\data\clean_split\train\SELL\00152_001_f760b4234346.png,f760b4234346ecc31ae7c957bdd77e8688da0835648f3d59ef61c5804b3f148c,940436ba5a0e7a9e,0
train,SELL,152,2,C:\Users\thaba\OneDrive\Documents\The 808 Vision 2026\phoenixguard\808 Memory\SELLS-20260224T225719Z-1-001\SELLS\Screenshot 2023-05-05 144006.png,C:\Users\thaba\OneDrive\Documents\The 808 Vision 2026\phoenixguard\data\clean_split\train\SELL\00152_002_db4274384d62.png,db4274384d628dd0422ea614c7f19f528a3dea8c09b7558d3a6500ee40c0c1d6,940436ba5a0e7a9e,0
test,SELL,153,0,C:\Users\thaba\OneDrive\Documents\The 808 Vision 2026\phoenixguard\808 Memory\SELLS-20260224T225719Z-1-001\SELLS\Screenshot 2023-05-08 011208.png,C:\Users\thaba\OneDrive\Documents\The 808 Vision 2026\phoenixguard\data\clean_split\test\SELL\00153_000_84a0831ad7a9.png,84a0831ad7a9e31abcd756bb2d8c1a9139be36b1beaeabab844b034d72bcc720,94301a6aca86fc9e,1
train,SELL,154,0,C:\Users\thaba\OneDrive\Documents\The 808 Vision 2026\phoenixguard\808 Memory\SELLS-20260224T225719Z-1-001\SELLS\Screenshot 2023-05-08 075431.png,C:\Users\thaba\OneDrive\Documents\The 808 Vision 2026\phoenixguard\data\clean_split\train\SELL\00154_000_97a941f1a056.png,97a941f1a056b62f0938fbb508c80fb95164918d8e6deb0a8713e0d2deaad2db,8c049236bac6fa5e,1
test,SELL,155,0,C:\Users\thaba\OneDrive\Documents\The 808 Vision 2026\phoenixguard\808 Memory\SELLS-20260224T225719Z-1-001\SELLS\Screenshot 2023-05-08 082317.png,C:\Users\thaba\OneDrive\Documents\The 808 Vision 2026\phoenixguard\data\clean_split\test\SELL\00155_000_fba6161ee922.png,fba6161ee9226adbbbd2bae550899a6fc74705144ac27f74731a04cb7bc72767,8c0072b0b8a0b89e,1
train,SELL,156,0,C:\Users\thaba\OneDrive\Documents\The 808 Vision 2026\phoenixguard\808 Memory\SELLS-20260224T225719Z-1-001\SELLS\Screenshot 2023-05-09 082913.png,C:\Users\thaba\OneDrive\Documents\The 808 Vision 2026\phoenixguard\data\clean_split\train\SELL\00156_000_8f24c6592274.png,8f24c6592274002d3c74cd7a68431509184d5218384458d4fd93f79f681ed719,9604527a3a86fa9e,1
train,SELL,157,0,C:\Users\thaba\OneDrive\Documents\The 808 Vision 2026\phoenixguard\808 Memory\SELLS-20260224T225719Z-1-001\SELLS\Screenshot 2023-05-09 083305.png,C:\Users\thaba\OneDrive\Documents\The 808 Vision 2026\phoenixguard\data\clean_split\train\SELL\00157_000_02a3b95c0e3e.png,02a3b95c0e3ed59f4434177de66bd8385ba3ee6a834b7f49723a214da838d744,8c804aca26163c9e,1
test,SELL,158,0,C:\Users\thaba\OneDrive\Documents\The 808 Vision 2026\phoenixguard\808 Memory\SELLS-20260224T225719Z-1-001\SELLS\Screenshot 2023-05-09 084118.png,C:\Users\thaba\OneDrive\Documents\The 808 Vision 2026\phoenixguard\data\clean_split\test\SELL\00158_000_fb2a39741d58.png,fb2a39741d58ecf7100aaefe9f25ae83fc3e1b63a6139a9b7d38d6e041ee9759,0c4422929a08f89e,1
test,SELL,159,0,C:\Users\thaba\OneDrive\Documents\The 808 Vision 2026\phoenixguard\808 Memory\SELLS-20260224T225719Z-1-001\SELLS\Screenshot 2023-05-09 105704.png,C:\Users\thaba\OneDrive\Documents\The 808 Vision 2026\phoenixguard\data\clean_split\test\SELL\00159_000_a03ea428f36a.png,a03ea428f36acc32515a692225361827bd348f87140384bd563deec313844064,90388ac6a640fa9e,1
train,SELL,160,0,C:\Users\thaba\OneDrive\Documents\The 808 Vision 2026\phoenixguard\808 Memory\SELLS-20260224T225719Z-1-001\SELLS\Screenshot 2023-05-11 122514.png,C:\Users\thaba\OneDrive\Documents\The 808 Vision 2026\phoenixguard\data\clean_split\train\SELL\00160_000_539b2e11f412.png,539b2e11f41245618f73280da5390cf6fabd3584d00ee7f82c3eae685508b796,9c809ed29a827a1e,1
train,SELL,161,0,C:\Users\thaba\OneDrive\Documents\The 808 Vision 2026\phoenixguard\808 Memory\SELLS-20260224T225719Z-1-001\SELLS\Screenshot 2023-05-16 084522.png,C:\Users\thaba\OneDrive\Documents\The 808 Vision 2026\phoenixguard\data\clean_split\train\SELL\00161_000_43881b4718e4.png,43881b4718e42c9cfcf4eb8ea2a55ab2ec3e49dae205120259c61edefd830619,1c508caa86067e1e,1
train,SELL,162,0,C:\Users\thaba\OneDrive\Documents\The 808 Vision 2026\phoenixguard\808 Memory\SELLS-20260224T225719Z-1-001\SELLS\Screenshot 2023-05-23 173955.png,C:\Users\thaba\OneDrive\Documents\The 808 Vision 2026\phoenixguard\data\clean_split\train\SELL\00162_000_555905adf5a7.png,555905adf5a7b9abc401e3fbf8fbeb3c890d9795f950486a1b002935a644733e,9c80b0da70b0a09c,1
train,SELL,162,1,C:\Users\thaba\OneDrive\Documents\The 808 Vision 2026\phoenixguard\808 Memory\SELLS-20260224T225719Z-1-001\SELLS\Screenshot 2023-05-23 174019.png,C:\Users\thaba\OneDrive\Documents\The 808 Vision 2026\phoenixguard\data\clean_split\train\SELL\00162_001_b866e1f478dd.png,b866e1f478dde08374c8c407d8f4ce9a81679acc25087aca7d6d3191dbd2b635,9c80b0d270b0a09c,0
test,SELL,163,0,C:\Users\thaba\OneDrive\Documents\The 808 Vision 2026\phoenixguard\808 Memory\SELLS-20260224T225719Z-1-001\SELLS\Screenshot 2023-05-26 063306.png,C:\Users\thaba\OneDrive\Documents\The 808 Vision 2026\phoenixguard\data\clean_split\test\SELL\00163_000_de740ed5137b.png,de740ed5137b65a057c8b507257d09e877fe9637c9692cb2cda83c8b0390bdf2,84140a6a7880f81e,1
train,SELL,164,0,C:\Users\thaba\OneDrive\Documents\The 808 Vision 2026\phoenixguard\808 Memory\SELLS-20260224T225719Z-1-001\SELLS\Screenshot 2023-05-26 063412.png,C:\Users\thaba\OneDrive\Documents\The 808 Vision 2026\phoenixguard\data\clean_split\train\SELL\00164_000_7ffae8e8c643.png,7ffae8e8c643b6b1e91c6e0676dfdee278356d70ae7d510c267a3c52a5d3594f,8c80e8ca1606f89e,1
val,SELL,165,0,C:\Users\thaba\OneDrive\Documents\The 808 Vision 2026\phoenixguard\808 Memory\SELLS-20260224T225719Z-1-001\SELLS\Screenshot 2023-05-26 084259.png,C:\Users\thaba\OneDrive\Documents\The 808 Vision 2026\phoenixguard\data\clean_split\val\SELL\00165_000_008fbdf0109a.png,008fbdf0109ab8e15d72afd2917190f7caf4a21dd36c26ccf1780f00baf83ce0,9282c69ebaa0781e,1
train,SELL,166,0,C:\Users\thaba\OneDrive\Documents\The 808 Vision 2026\phoenixguard\808 Memory\SELLS-20260224T225719Z-1-001\SELLS\Screenshot 2023-05-31 075013.png,C:\Users\thaba\OneDrive\Documents\The 808 Vision 2026\phoenixguard\data\clean_split\train\SELL\00166_000_4a2901fbbb43.png,4a2901fbbb432994bcea52a59f68634e0727c628ab8ba2f85b31f5fb7f0d6e31,8404925a9ab07a9e,1
train,SELL,167,0,C:\Users\thaba\OneDrive\Documents\The 808 Vision 2026\phoenixguard\808 Memory\SELLS-20260224T225719Z-1-001\SELLS\Screenshot 2023-05-31 075042.png,C:\Users\thaba\OneDrive\Documents\The 808 Vision 2026\phoenixguard\data\clean_split\train\SELL\00167_000_d4038e258a67.png,d4038e258a6718abd2511ece0535d89defbbe7c991b1277278fe7ae894ac6cbb,94048b6ba8d0789f,1
train,SELL,168,0,C:\Users\thaba\OneDrive\Documents\The 808 Vision 2026\phoenixguard\808 Memory\SELLS-20260224T225719Z-1-001\SELLS\Screenshot 2023-06-01 052438.png,C:\Users\thaba\OneDrive\Documents\The 808 Vision 2026\phoenixguard\data\clean_split\train\SELL\00168_000_ddb91dfdc987.png,ddb91dfdc987b78bb79fe4204fd3b4903d02d64375bad7f4a81eac57adeae5c9,9c80964000b3809e,1
train,SELL,168,1,C:\Users\thaba\OneDrive\Documents\The 808 Vision 2026\phoenixguard\808 Memory\SELLS-20260224T225719Z-1-001\SELLS\Screenshot 2023-06-01 052550.png,C:\Users\thaba\OneDrive\Documents\The 808 Vision 2026\phoenixguard\data\clean_split\train\SELL\00168_001_66c0300c5d29.png,66c0300c5d29560c19afe1fd81d6acb15d69d95f12f5c1bc171bc7ce8e0dd9b4,9880964000b3809c,0
train,SELL,169,0,C:\Users\thaba\OneDrive\Documents\The 808 Vision 2026\phoenixguard\808 Memory\SELLS-20260224T225719Z-1-001\SELLS\Screenshot 2023-06-01 052821.png,C:\Users\thaba\OneDrive\Documents\The 808 Vision 2026\phoenixguard\data\clean_split\train\SELL\00169_000_3477aa9197c2.png,3477aa9197c21807126bca858f2ef68c87d493560cd4196f7176456ab4419dd8,9c80a2ac00a7809c,1
train,SELL,170,0,C:\Users\thaba\OneDrive\Documents\The 808 Vision 2026\phoenixguard\808 Memory\SELLS-20260224T225719Z-1-001\SELLS\Screenshot 2023-06-01 053035.png,C:\Users\thaba\OneDrive\Documents\The 808 Vision 2026\phoenixguard\data\clean_split\train\SELL\00170_000_299fd95afd8e.png,299fd95afd8e3e818c7bd54a133c69c88ca7c0ad5df4daf0c7dd1ff068d71a89,9c80a20e00a7c09c,1
test,SELL,171,0,C:\Users\thaba\OneDrive\Documents\The 808 Vision 2026\phoenixguard\808 Memory\SELLS-20260224T225719Z-1-001\SELLS\Screenshot 2023-06-01 053243.png,C:\Users\thaba\OneDrive\Documents\The 808 Vision 2026\phoenixguard\data\clean_split\test\SELL\00171_000_562a43014b8c.png,562a43014b8c0399ce8802772765f97cf274fa7521e2800b45f9b06d64be0c5f,988092ae00b3c09c,1
train,SELL,172,0,C:\Users\thaba\OneDrive\Documents\The 808 Vision 2026\phoenixguard\808 Memory\SELLS-20260224T225719Z-1-001\SELLS\Screenshot 2023-06-01 053829.png,C:\Users\thaba\OneDrive\Documents\The 808 Vision 2026\phoenixguard\data\clean_split\train\SELL\00172_000_76b686e3a9d8.png,76b686e3a9d8c54adb8321dd048ecee228988976911c5a23aaf7732541c4d362,9c00b89600ba809e,1
train,SELL,173,0,C:\Users\thaba\OneDrive\Documents\The 808 Vision 2026\phoenixguard\808 Memory\SELLS-20260224T225719Z-1-001\SELLS\Screenshot 2023-06-01 053927.png,C:\Users\thaba\OneDrive\Documents\The 808 Vision 2026\phoenixguard\data\clean_split\train\SELL\00173_000_f9765498e5a9.png,f9765498e5a9edc1b7022785363bee7558ff238ad9d7aaa1d6d1f9a9261bdf32,9c80308680b2c09e,1
train,SELL,174,0,C:\Users\thaba\OneDrive\Documents\The 808 Vision 2026\phoenixguard\808 Memory\SELLS-20260224T225719Z-1-001\SELLS\Screenshot 2023-06-01 055003.png,C:\Users\thaba\OneDrive\Documents\The 808 Vision 2026\phoenixguard\data\clean_split\train\SELL\00174_000_3da0c8c488e5.png,3da0c8c488e5dfafdfbb413b3e2f140e7e6c45f4de18208335d32a9af8902966,9c103a8e6680fa9f,1
train,SELL,175,0,C:\Users\thaba\OneDrive\Documents\The 808 Vision 2026\phoenixguard\808 Memory\SELLS-20260224T225719Z-1-001\SELLS\Screenshot 2023-06-01 183828.png,C:\Users\thaba\OneDrive\Documents\The 808 Vision 2026\phoenixguard\data\clean_split\train\SELL\00175_000_982be93bddb7.png,982be93bddb7795db63fda686a7236f1141265679aa5e0608958ad2ecbe76ec8,84923a78809e6596,1
train,SELL,175,1,C:\Users\thaba\OneDrive\Documents\The 808 Vision 2026\phoenixguard\808 Memory\SELLS-20260224T225719Z-1-001\SELLS\Screenshot 2023-06-02 063301.png,C:\Users\thaba\OneDrive\Documents\The 808 Vision 2026\phoenixguard\data\clean_split\train\SELL\00175_001_22e8bf95176e.png,22e8bf95176e52762a1100251a12aee2e4702c340d768d5e0418146da849b3c9,86923a78809a619e,0
train,SELL,175,2,C:\Users\thaba\OneDrive\Documents\The 808 Vision 2026\phoenixguard\808 Memory\SELLS-20260224T225719Z-1-001\SELLS\Screenshot 2023-06-02 100127.png,C:\Users\thaba\OneDrive\Documents\The 808 Vision 2026\phoenixguard\data\clean_split\train\SELL\00175_002_dc208f6ecf43.png,dc208f6ecf43063d15fe33efa1196890208dd7441dbccf746be01b9068c68b8d,84923a78809a659e,0
train,SELL,176,0,C:\Users\thaba\OneDrive\Documents\The 808 Vision 2026\phoenixguard\808 Memory\SELLS-20260224T225719Z-1-001\SELLS\Screenshot 2023-06-02 092357.png,C:\Users\thaba\OneDrive\Documents\The 808 Vision 2026\phoenixguard\data\clean_split\train\SELL\00176_000_8ebe45c80792.png,8ebe45c8079288c6603ab24ab465f2677331a4d0ae3bda3e9812ee6e03faf99b,04c066ac929e619e,1
train,SELL,176,1,C:\Users\thaba\OneDrive\Documents\The 808 Vision 2026\phoenixguard\808 Memory\SELLS-20260224T225719Z-1-001\SELLS\Screenshot 2023-06-02 094026.png,C:\Users\thaba\OneDrive\Documents\The 808 Vision 2026\phoenixguard\data\clean_split\train\SELL\00176_001_c99d9cfcef36.png,c99d9cfcef36e856693b01e583770d69b37ea41ae79a68f96434f6930d60274b,04c066ac929e619e,0
val,SELL,177,0,C:\Users\thaba\OneDrive\Documents\The 808 Vision 2026\phoenixguard\808 Memory\SELLS-20260224T225719Z-1-001\SELLS\Screenshot 2023-06-02 150835.png,C:\Users\thaba\OneDrive\Documents\The 808 Vision 2026\phoenixguard\data\clean_split\val\SELL\00177_000_a50ff84b0d89.png,a50ff84b0d89194644de959ce4822b68e3d3d498050afc1e8cb781e0cd77c531,98829a8e6e86bc9e,1
train,SELL,178,0,C:\Users\thaba\OneDrive\Documents\The 808 Vision 2026\phoenixguard\808 Memory\SELLS-20260224T225719Z-1-001\SELLS\Screenshot 2023-06-02 155115.png,C:\Users\thaba\OneDrive\Documents\The 808 Vision 2026\phoenixguard\data\clean_split\train\SELL\00178_000_9557fda94a99.png,9557fda94a99cdecd7d150212964dcd71c3c2c65dcc0bec0bab086d96ce04019,98a29acea69e619e,1
train,SELL,178,1,C:\Users\thaba\OneDrive\Documents\The 808 Vision 2026\phoenixguard\808 Memory\SELLS-20260224T225719Z-1-001\SELLS\Screenshot 2023-06-02 155132.png,C:\Users\thaba\OneDrive\Documents\The 808 Vision 2026\phoenixguard\data\clean_split\train\SELL\00178_001_2855ddec0a7e.png,2855ddec0a7eecadfd2af8ff11961111067976a20277ef38d186d399bc23acee,98a29acea69e619e,0
val,SELL,179,0,C:\Users\thaba\OneDrive\Documents\The 808 Vision 2026\phoenixguard\808 Memory\SELLS-20260224T225719Z-1-001\SELLS\Screenshot 2023-06-02 185252.png,C:\Users\thaba\OneDrive\Documents\The 808 Vision 2026\phoenixguard\data\clean_split\val\SELL\00179_000_b527470696e1.png,b527470696e1886487dfdde10dcd66363cdb7a04ecb2c7caff7bb5c1e2490e4f,90829acee69e699e,1
train,SELL,180,0,C:\Users\thaba\OneDrive\Documents\The 808 Vision 2026\phoenixguard\808 Memory\SELLS-20260224T225719Z-1-001\SELLS\Screenshot 2023-06-02 201818.png,C:\Users\thaba\OneDrive\Documents\The 808 Vision 2026\phoenixguard\data\clean_split\train\SELL\00180_000_d80641537ca4.png,d80641537ca41e86b58b9885d4a22a905c4f7d9e90f07bcff32cf10d2f74c212,9082a6ca269e699e,1
test,SELL,181,0,C:\Users\thaba\OneDrive\Documents\The 808 Vision 2026\phoenixguard\808 Memory\SELLS-20260224T225719Z-1-001\SELLS\Screenshot 2023-06-02 211535.png,C:\Users\thaba\OneDrive\Documents\The 808 Vision 2026\phoenixguard\data\clean_split\test\SELL\00181_000_538c526f21e2.png,538c526f21e24fb20a60c1f9943d7130b4b1f0f4cdda53a85466f97619ff7d36,8c80ba92ce8ebc9e,1
train,SELL,182,0,C:\Users\thaba\OneDrive\Documents\The 808 Vision 2026\phoenixguard\808 Memory\SELLS-20260224T225719Z-1-001\SELLS\Screenshot 2023-06-09 043250.png,C:\Users\thaba\OneDrive\Documents\The 808 Vision 2026\phoenixguard\data\clean_split\train\SELL\00182_000_d066b54e0e5b.png,d066b54e0e5b8fb6e2cbbe4ca5a950fced06742fff458615673f581d6b8b2568,94d05e8ea602fa9e,1
train,SELL,183,0,C:\Users\thaba\OneDrive\Documents\The 808 Vision 2026\phoenixguard\808 Memory\SELLS-20260224T225719Z-1-001\SELLS\Screenshot 2023-06-09 043926.png,C:\Users\thaba\OneDrive\Documents\The 808 Vision 2026\phoenixguard\data\clean_split\train\SELL\00183_000_e73a56c2a164.png,e73a56c2a16465338225903ef4886915aad1379ac35ac1eb6c9460171dde40fe,94d0cecea602fa9e,1
train,SELL,184,0,C:\Users\thaba\OneDrive\Documents\The 808 Vision 2026\phoenixguard\808 Memory\SELLS-20260224T225719Z-1-001\SELLS\Screenshot 2023-06-09 101907.png,C:\Users\thaba\OneDrive\Documents\The 808 Vision 2026\phoenixguard\data\clean_split\train\SELL\00184_000_21b532c1d060.png,21b532c1d0609ad6ffa8c4d91176f5d93d2458d9f2aad6cb3b0c8011c588c035,8486d2521c0e5a9f,1
train,SELL,185,0,C:\Users\thaba\OneDrive\Documents\The 808 Vision 2026\phoenixguard\808 Memory\SELLS-20260224T225719Z-1-001\SELLS\Screenshot 2023-06-09 151121.png,C:\Users\thaba\OneDrive\Documents\The 808 Vision 2026\phoenixguard\data\clean_split\train\SELL\00185_000_fe5589607dba.png,fe5589607dba680037b0b5036cccf7b1e88eadd51814491b97a3d36fdd1fd85c,8ca83662d28c5a9e,1
val,SELL,186,0,C:\Users\thaba\OneDrive\Documents\The 808 Vision 2026\phoenixguard\808 Memory\SELLS-20260224T225719Z-1-001\SELLS\Screenshot 2023-06-09 152134.png,C:\Users\thaba\OneDrive\Documents\The 808 Vision 2026\phoenixguard\data\clean_split\val\SELL\00186_000_aaf155c1287d.png,aaf155c1287dbb3f10a510a307741ed9554ac715e4054eebea70f00cb5bb5c2d,9c908a8a8a065a9e,1
test,SELL,187,0,C:\Users\thaba\OneDrive\Documents\The 808 Vision 2026\phoenixguard\808 Memory\SELLS-20260224T225719Z-1-001\SELLS\Screenshot 2023-06-09 165837.png,C:\Users\thaba\OneDrive\Documents\The 808 Vision 2026\phoenixguard\data\clean_split\test\SELL\00187_000_8fae46f7b72d.png,8fae46f7b72d01b7f6b4a23024ce4c5ae49fccc01be9eab93e9813d31d266df1,8c8070b2ba065e9e,1
train,SELL,188,0,C:\Users\thaba\OneDrive\Documents\The 808 Vision 2026\phoenixguard\808 Memory\SELLS-20260224T225719Z-1-001\SELLS\Screenshot 2023-06-12 090219.png,C:\Users\thaba\OneDrive\Documents\The 808 Vision 2026\phoenixguard\data\clean_split\train\SELL\00188_000_2b9588b0a453.png,2b9588b0a45322c519d6dbe8dbecb49847086dd86b036cd4fcbb8b634535a64e,9880aaceb206781e,1
train,SELL,189,0,C:\Users\thaba\OneDrive\Documents\The 808 Vision 2026\phoenixguard\808 Memory\SELLS-20260224T225719Z-1-001\SELLS\Screenshot 2023-06-14 200610.png,C:\Users\thaba\OneDrive\Documents\The 808 Vision 2026\phoenixguard\data\clean_split\train\SELL\00189_000_975c1b1baa0b.png,975c1b1baa0be813965da90b08fc391133f35b20c401ceb8abb40c9a69331cde,8c00828afa005a1e,1
train,SELL,190,0,C:\Users\thaba\OneDrive\Documents\The 808 Vision 2026\phoenixguard\808 Memory\SELLS-20260224T225719Z-1-001\SELLS\Screenshot 2023-06-21 072251.png,C:\Users\thaba\OneDrive\Documents\The 808 Vision 2026\phoenixguard\data\clean_split\train\SELL\00190_000_210b455c2e61.png,210b455c2e61b1310eb135049aa10ae8c573f6e4752471ac65684daa53adaa23,d1b2a0c6a282a09c,1
train,SELL,191,0,C:\Users\thaba\OneDrive\Documents\The 808 Vision 2026\phoenixguard\808 Memory\SELLS-20260224T225719Z-1-001\SELLS\Screenshot 2023-06-21 082930.png,C:\Users\thaba\OneDrive\Documents\The 808 Vision 2026\phoenixguard\data\clean_split\train\SELL\00191_000_f56769c961e7.png,f56769c961e7625e348d017c0f6fd7c7ac3d523672c152619e78c77d772351cd,51f084aeae86a29c,1
val,SELL,192,0,C:\Users\thaba\OneDrive\Documents\The 808 Vision 2026\phoenixguard\808 Memory\SELLS-20260224T225719Z-1-001\SELLS\Screenshot 2023-06-22 054206.png,C:\Users\thaba\OneDrive\Documents\The 808 Vision 2026\phoenixguard\data\clean_split\val\SELL\00192_000_6b2815bdd3af.png,6b2815bdd3af2dacb1dd87246ad6da796f8f944a059e59d4a395bcb0e9688861,d1c88094a094e09c,1
train,SELL,193,0,C:\Users\thaba\OneDrive\Documents\The 808 Vision 2026\phoenixguard\808 Memory\SELLS-20260224T225719Z-1-001\SELLS\Screenshot 2024-05-22 102340.png,C:\Users\thaba\OneDrive\Documents\The 808 Vision 2026\phoenixguard\data\clean_split\train\SELL\00193_000_fd20f62ac57d.png,fd20f62ac57d93b32d9cee8998afe38df351cb652db024857fe33135c0550d70,d3ec638ada9a3565,1
test,SELL,194,0,C:\Users\thaba\OneDrive\Documents\The 808 Vision 2026\phoenixguard\808 Memory\SELLS-20260224T225719Z-1-001\SELLS\Screenshot 2024-06-05 052934.png,C:\Users\thaba\OneDrive\Documents\The 808 Vision 2026\phoenixguard\data\clean_split\test\SELL\00194_000_c47b83058abb.png,c47b83058abb905f555b5fa5b48c56df8624630b171d2127e680174cdb55b706,49eeceeeaea8af23,1
train,SELL,195,0,C:\Users\thaba\OneDrive\Documents\The 808 Vision 2026\phoenixguard\808 Memory\SELLS-20260224T225719Z-1-001\SELLS\Screenshot 2024-06-05 111248.png,C:\Users\thaba\OneDrive\Documents\The 808 Vision 2026\phoenixguard\data\clean_split\train\SELL\00195_000_0d016ed85619.png,0d016ed856191375a1ec388d8b26cde4de9009a5ec4852a0ec5d0c0e89d01bdd,41accccaaaa8ab27,1
val,SELL,196,0,C:\Users\thaba\OneDrive\Documents\The 808 Vision 2026\phoenixguard\808 Memory\SELLS-20260224T225719Z-1-001\SELLS\Screenshot 2024-06-18 091627.png,C:\Users\thaba\OneDrive\Documents\The 808 Vision 2026\phoenixguard\data\clean_split\val\SELL\00196_000_edaa8f903aa9.png,edaa8f903aa9d022bdd689c2d28151a7565aff54a94e01fec0b6e96d5f1da1c2,81c0c060b0b03035,1
test,SELL,197,0,C:\Users\thaba\OneDrive\Documents\The 808 Vision 2026\phoenixguard\808 Memory\SELLS-20260224T225719Z-1-001\SELLS\Screenshot 2024-06-18 133229.png,C:\Users\thaba\OneDrive\Documents\The 808 Vision 2026\phoenixguard\data\clean_split\test\SELL\00197_000_b878e3b62255.png,b878e3b62255ded24e36899df39c7e9d7fa97cd756b9c99f8a4e5766cdd292fc,01b8b07070d0ba35,1
train,SELL,198,0,C:\Users\thaba\OneDrive\Documents\The 808 Vision 2026\phoenixguard\808 Memory\SELLS-20260224T225719Z-1-001\SELLS\Screenshot 2024-06-18 133331.png,C:\Users\thaba\OneDrive\Documents\The 808 Vision 2026\phoenixguard\data\clean_split\train\SELL\00198_000_1a21dcf4fc3c.png,1a21dcf4fc3c561197a889236aeea261501bee8c512e27f965a24fb07b3ccdbf,01c8a68a861e8232,1
train,SELL,199,0,C:\Users\thaba\OneDrive\Documents\The 808 Vision 2026\phoenixguard\808 Memory\SELLS-20260224T225719Z-1-001\SELLS\Screenshot 2024-06-18 170036.png,C:\Users\thaba\OneDrive\Documents\The 808 Vision 2026\phoenixguard\data\clean_split\train\SELL\00199_000_5cff4a8b8569.png,5cff4a8b8569b3b866bf898990dfafe92da1835bdbe3ab37d301b56b8979ed8b,01c236eab2869237,1
train,SELL,199,1,C:\Users\thaba\OneDrive\Documents\The 808 Vision 2026\phoenixguard\808 Memory\SELLS-20260224T225719Z-1-001\SELLS\Screenshot 2024-06-18 170101.png,C:\Users\thaba\OneDrive\Documents\The 808 Vision 2026\phoenixguard\data\clean_split\train\SELL\00199_001_1e268403f616.png,1e268403f616887cabf0474b27c4ac8a38276d8f7a5e58115eb5b48bd2da8b9b,81c236eab2869237,0
test,SELL,200,0,C:\Users\thaba\OneDrive\Documents\The 808 Vision 2026\phoenixguard\808 Memory\SELLS-20260224T225719Z-1-001\SELLS\Screenshot 2024-08-01 062348.png,C:\Users\thaba\OneDrive\Documents\The 808 Vision 2026\phoenixguard\data\clean_split\test\SELL\00200_000_7102e1cab1b6.png,7102e1cab1b68837574b21e056a972090214a885e816af9c7d97117695c0a0c9,e3daac26c606b2b3,1
test,SELL,201,0,C:\Users\thaba\OneDrive\Documents\The 808 Vision 2026\phoenixguard\808 Memory\SELLS-20260224T225719Z-1-001\SELLS\Screenshot 2024-08-01 134058.png,C:\Users\thaba\OneDrive\Documents\The 808 Vision 2026\phoenixguard\data\clean_split\test\SELL\00201_000_03fa230f510e.png,03fa230f510ef59813196c6d0e60672eeffe9da9fec8cdb1746cbb59994c70c5,01da4cce068282b6,1
train,SELL,202,0,C:\Users\thaba\OneDrive\Documents\The 808 Vision 2026\phoenixguard\808 Memory\SELLS-20260224T225719Z-1-001\SELLS\Screenshot 2024-08-01 211416.png,C:\Users\thaba\OneDrive\Documents\The 808 Vision 2026\phoenixguard\data\clean_split\train\SELL\00202_000_cf5a34ce10c0.png,cf5a34ce10c0e808659e39619e29542b49d86996f39f104763729a1bd6ad2190,81e06c26928288f6,1
train,SELL,203,0,C:\Users\thaba\OneDrive\Documents\The 808 Vision 2026\phoenixguard\808 Memory\SELLS-20260224T225719Z-1-001\SELLS\Screenshot 2024-08-01 211530.png,C:\Users\thaba\OneDrive\Documents\The 808 Vision 2026\phoenixguard\data\clean_split\train\SELL\00203_000_615e7e12e382.png,615e7e12e382253599ff371eca6f9b748db159e07286e8ebebba6ad6a9afe3f6,81f09c8e868282f7,1
train,SELL,204,0,C:\Users\thaba\OneDrive\Documents\The 808 Vision 2026\phoenixguard\808 Memory\SELLS-20260224T225719Z-1-001\SELLS\Screenshot 2024-08-01 211704.png,C:\Users\thaba\OneDrive\Documents\The 808 Vision 2026\phoenixguard\data\clean_split\train\SELL\00204_000_3f818955be9c.png,3f818955be9c381b3224625370fbb0000be40a8530b43b85dd1f3724ae1982ad,01b01c8e068282b7,1
val,SELL,205,0,C:\Users\thaba\OneDrive\Documents\The 808 Vision 2026\phoenixguard\808 Memory\SELLS-20260224T225719Z-1-001\SELLS\Screenshot 2024-08-01 220953.png,C:\Users\thaba\OneDrive\Documents\The 808 Vision 2026\phoenixguard\data\clean_split\val\SELL\00205_000_18bb58869cb9.png,18bb58869cb9889c67c1d8195cb8428559f1edf2cfae9df8bf22013a4fb84002,81f01c8e068292f7,1
test,SELL,206,0,C:\Users\thaba\OneDrive\Documents\The 808 Vision 2026\phoenixguard\808 Memory\SELLS-20260224T225719Z-1-001\SELLS\Screenshot 2024-08-02 181451.png,C:\Users\thaba\OneDrive\Documents\The 808 Vision 2026\phoenixguard\data\clean_split\test\SELL\00206_000_dbb4dce8d97e.png,dbb4dce8d97ec44cfbe378ef4e9b4df96801c8230f9d48bd2d1903d7b7d03c46,81e0309c8685c172,1
train,SELL,207,0,C:\Users\thaba\OneDrive\Documents\The 808 Vision 2026\phoenixguard\808 Memory\SELLS-20260224T225719Z-1-001\SELLS\Screenshot 2024-08-05 091739.png,C:\Users\thaba\OneDrive\Documents\The 808 Vision 2026\phoenixguard\data\clean_split\train\SELL\00207_000_82587eb1396f.png,82587eb1396fb3f71457747d64ead02cb58403beff7e6d977b5f63d94770771c,01dc868e669a8232,1
train,SELL,207,1,C:\Users\thaba\OneDrive\Documents\The 808 Vision 2026\phoenixguard\808 Memory\SELLS-20260224T225719Z-1-001\SELLS\Screenshot 2024-08-05 091807.png,C:\Users\thaba\OneDrive\Documents\The 808 Vision 2026\phoenixguard\data\clean_split\train\SELL\00207_001_a397d323b440.png,a397d323b4403f84b5e241d90f12867b3b80a00fb4f183b9b9cb6fde4cfc2308,01dc868e66928232,0
train,SELL,208,0,C:\Users\thaba\OneDrive\Documents\The 808 Vision 2026\phoenixguard\808 Memory\SELLS-20260224T225719Z-1-001\SELLS\Screenshot 2024-08-05 092139.png,C:\Users\thaba\OneDrive\Documents\The 808 Vision 2026\phoenixguard\data\clean_split\train\SELL\00208_000_87e91b824c2f.png,87e91b824c2f7340b1be0a4212fd8966ceeb322209f9f331d58407c96aff2efc,81ce8e6602b27181,1
train,SELL,209,0,C:\Users\thaba\OneDrive\Documents\The 808 Vision 2026\phoenixguard\808 Memory\SELLS-20260224T225719Z-1-001\SELLS\Screenshot 2024-08-06 192626.png,C:\Users\thaba\OneDrive\Documents\The 808 Vision 2026\phoenixguard\data\clean_split\train\SELL\00209_000_df6a462a46ff.png,df6a462a46ffecb90a2d06a8b3d2446b6ddc73dfe42071e5a5a6e50e25cfe57a,c0c2c2e2b61c8e73,1
train,SELL,210,0,C:\Users\thaba\OneDrive\Documents\The 808 Vision 2026\phoenixguard\808 Memory\SELLS-20260224T225719Z-1-001\SELLS\Screenshot 2024-08-06 192756.png,C:\Users\thaba\OneDrive\Documents\The 808 Vision 2026\phoenixguard\data\clean_split\train\SELL\00210_000_450fa1c66002.png,450fa1c66002394659a510271b80c7ae4806f2856caed9b55c6f66819f603ec3,c1828392c66c8c73,1
test,SELL,211,0,C:\Users\thaba\OneDrive\Documents\The 808 Vision 2026\phoenixguard\808 Memory\SELLS-20260224T225719Z-1-001\SELLS\Screenshot 2024-08-07 071843.png,C:\Users\thaba\OneDrive\Documents\The 808 Vision 2026\phoenixguard\data\clean_split\test\SELL\00211_000_1d1272c9ebd5.png,1d1272c9ebd52f4e3f59bdaf1cd2c2d4d5cf796c79581ce8d7a6b2f72101ca43,8480d2e6a61a8e73,1
test,SELL,212,0,C:\Users\thaba\OneDrive\Documents\The 808 Vision 2026\phoenixguard\808 Memory\SELLS-20260224T225719Z-1-001\SELLS\Screenshot 2024-08-07 071951.png,C:\Users\thaba\OneDrive\Documents\The 808 Vision 2026\phoenixguard\data\clean_split\test\SELL\00212_000_a261f9c74947.png,a261f9c749472007e89cc1f417207d5da15e592d833e59ba4d134ada3638d361,01e0b412ca8ad077,1
train,SELL,213,0,C:\Users\thaba\OneDrive\Documents\The 808 Vision 2026\phoenixguard\808 Memory\SELLS-20260224T225719Z-1-001\SELLS\Screenshot 2024-08-07 094706.png,C:\Users\thaba\OneDrive\Documents\The 808 Vision 2026\phoenixguard\data\clean_split\train\SELL\00213_000_53137c4f2630.png,53137c4f2630e26c604daec278e86d55b238c17acdad223812af02e43d8e46e0,c482e3b608fa7141,1
train,SELL,214,0,C:\Users\thaba\OneDrive\Documents\The 808 Vision 2026\phoenixguard\808 Memory\SELLS-20260224T225719Z-1-001\SELLS\Screenshot 2024-08-08 050237.png,C:\Users\thaba\OneDrive\Documents\The 808 Vision 2026\phoenixguard\data\clean_split\train\SELL\00214_000_0daf2e8ac7b1.png,0daf2e8ac7b17f0b1c1ec0935c55c2edd45f6c4652ced6664b71fbbe92b5a866,81c804c66a329237,1
train,SELL,215,0,C:\Users\thaba\OneDrive\Documents\The 808 Vision 2026\phoenixguard\808 Memory\SELLS-20260224T225719Z-1-001\SELLS\Screenshot 2024-08-08 140915.png,C:\Users\thaba\OneDrive\Documents\The 808 Vision 2026\phoenixguard\data\clean_split\train\SELL\00215_000_c7bc0b63a326.png,c7bc0b63a326521158d280c40928ef87f16d79218fb05bec28b3d2caab6c76d9,c1c282868e8898b6,1
val,SELL,216,0,C:\Users\thaba\OneDrive\Documents\The 808 Vision 2026\phoenixguard\808 Memory\SELLS-20260224T225719Z-1-001\SELLS\Screenshot 2024-08-08 141048.png,C:\Users\thaba\OneDrive\Documents\The 808 Vision 2026\phoenixguard\data\clean_split\val\SELL\00216_000_eb163a0ac429.png,eb163a0ac42979287fb7002253ae721317633ff15d404a8e7d9959ca7abbcc63,81902866c682aa33,1
train,SELL,217,0,C:\Users\thaba\OneDrive\Documents\The 808 Vision 2026\phoenixguard\808 Memory\SELLS-20260224T225719Z-1-001\SELLS\Screenshot 2024-08-09 063000.png,C:\Users\thaba\OneDrive\Documents\The 808 Vision 2026\phoenixguard\data\clean_split\train\SELL\00217_000_57c4202482f8.png,57c4202482f891f40b52c7f2d582674936c53100560f52ccbe1cf0105330d0dc,81ca8e9692662677,1
train,SELL,217,1,C:\Users\thaba\OneDrive\Documents\The 808 Vision 2026\phoenixguard\808 Memory\SELLS-20260224T225719Z-1-001\SELLS\Screenshot 2024-08-09 063240.png,C:\Users\thaba\OneDrive\Documents\The 808 Vision 2026\phoenixguard\data\clean_split\train\SELL\00217_001_23ab7d7875d7.png,23ab7d7875d7385e8c3a2a1a67c1a6ac74cb86102d36d456c4e3c6680cd6d0bd,01c88e8692662677,0
train,SELL,217,2,C:\Users\thaba\OneDrive\Documents\The 808 Vision 2026\phoenixguard\808 Memory\SELLS-20260224T225719Z-1-001\SELLS\Screenshot 2024-08-09 063309.png,C:\Users\thaba\OneDrive\Documents\The 808 Vision 2026\phoenixguard\data\clean_split\train\SELL\00217_002_34bb989bd332.png,34bb989bd332259261d9b552c65c552f3fc73e99208e3cd7e2cf27f6f6b8115a,01ca8e8692662677,0
train,SELL,218,0,C:\Users\thaba\OneDrive\Documents\The 808 Vision 2026\phoenixguard\808 Memory\SELLS-20260224T225719Z-1-001\SELLS\Screenshot 2024-08-09 065522.png,C:\Users\thaba\OneDrive\Documents\The 808 Vision 2026\phoenixguard\data\clean_split\train\SELL\00218_000_302c7fb5c29f.png,302c7fb5c29f1fce0653e54981ba689266583fcad973c78cafc1f58cfce76af7,01ca8e969a662633,1
train,SELL,219,0,C:\Users\thaba\OneDrive\Documents\The 808 Vision 2026\phoenixguard\808 Memory\SELLS-20260224T225719Z-1-001\SELLS\Screenshot 2024-08-13 130341.png,C:\Users\thaba\OneDrive\Documents\The 808 Vision 2026\phoenixguard\data\clean_split\train\SELL\00219_000_07b8860680fe.png,07b8860680fefd56ac251f3df2a2d28dbd88206964568d5f5281a21448a816e6,01dc82bac61296b7,1
train,SELL,220,0,C:\Users\thaba\OneDrive\Documents\The 808 Vision 2026\phoenixguard\808 Memory\SELLS-20260224T225719Z-1-001\SELLS\Screenshot 2024-08-13 130352.png,C:\Users\thaba\OneDrive\Documents\The 808 Vision 2026\phoenixguard\data\clean_split\train\SELL\00220_000_7a23cd149300.png,7a23cd1493004eb7acea78a7463812ad51f17f4642a9e30c975c1b8d433f473f,81dca2bac61286b7,1
train,SELL,220,1,C:\Users\thaba\OneDrive\Documents\The 808 Vision 2026\phoenixguard\808 Memory\SELLS-20260224T225719Z-1-001\SELLS\Screenshot 2024-08-13 130403.png,C:\Users\thaba\OneDrive\Documents\The 808 Vision 2026\phoenixguard\data\clean_split\train\SELL\00220_001_92f880158761.png,92f880158761e9d4b9c77cdff892b75b45dcf9816268ae647369e8563782864f,81dca2bac61286b7,0
train,SELL,221,0,C:\Users\thaba\OneDrive\Documents\The 808 Vision 2026\phoenixguard\808 Memory\SELLS-20260224T225719Z-1-001\SELLS\Screenshot 2024-08-13 152135.png,C:\Users\thaba\OneDrive\Documents\The 808 Vision 2026\phoenixguard\data\clean_split\train\SELL\00221_000_0153c0eb9645.png,0153c0eb96453e2d231c7f30fdbc0de23cd848bb5b4a9e6430ee1d436d590bc7,03e4922ae0350909,1
val,SELL,222,0,C:\Users\thaba\OneDrive\Documents\The 808 Vision 2026\phoenixguard\808 Memory\SELLS-20260224T225719Z-1-001\SELLS\Screenshot 2024-08-13 152455.png,C:\Users\thaba\OneDrive\Documents\The 808 Vision 2026\phoenixguard\data\clean_split\val\SELL\00222_000_96124ceb475c.png,96124ceb475cb64d9599b680000b1a8143a70c97e8c2df5e14cca690170d8ec8,01c86aec9e9292b7,1
train,SELL,223,0,C:\Users\thaba\OneDrive\Documents\The 808 Vision 2026\phoenixguard\808 Memory\SELLS-20260224T225719Z-1-001\SELLS\Screenshot 2024-08-13 152641.png,C:\Users\thaba\OneDrive\Documents\The 808 Vision 2026\phoenixguard\data\clean_split\train\SELL\00223_000_4e9ddc94d9d6.png,4e9ddc94d9d68a0b6365c55a22e3e43e3bf7517f0f035de44ff00c0bed72f5e4,016092cc869282b7,1
test,SELL,224,0,C:\Users\thaba\OneDrive\Documents\The 808 Vision 2026\phoenixguard\808 Memory\SELLS-20260224T225719Z-1-001\SELLS\Screenshot 2024-10-09 190925.png,C:\Users\thaba\OneDrive\Documents\The 808 Vision 2026\phoenixguard\data\clean_split\test\SELL\00224_000_d6a1752ea3b1.png,d6a1752ea3b1af8138078315c7c60d37b92ab924b09aab88177fdf1897a343af,91c8e0da08e87801,1
train,SELL,225,0,C:\Users\thaba\OneDrive\Documents\The 808 Vision 2026\phoenixguard\808 Memory\SELLS-20260224T225719Z-1-001\SELLS\Screenshot 2024-10-09 230844.png,C:\Users\thaba\OneDrive\Documents\The 808 Vision 2026\phoenixguard\data\clean_split\train\SELL\00225_000_9128d1c01340.png,9128d1c01340d2bf0cf9da9c32063e78ed3c08a290128daab46c182df42ffe57,81d8409a1868f801,1
train,SELL,226,0,C:\Users\thaba\OneDrive\Documents\The 808 Vision 2026\phoenixguard\808 Memory\SELLS-20260224T225719Z-1-001\SELLS\Screenshot 2024-11-06 052811.png,C:\Users\thaba\OneDrive\Documents\The 808 Vision 2026\phoenixguard\data\clean_split\train\SELL\00226_000_c6b7bd5a7101.png,c6b7bd5a7101e029150debb89a037977548b3cccc2aee1b413cbda6ec2910841,80a2b2562c4cc85b,1
train,SELL,227,0,C:\Users\thaba\OneDrive\Documents\The 808 Vision 2026\phoenixguard\808 Memory\SELLS-20260224T225719Z-1-001\SELLS\Screenshot 2024-11-06 063705.png,C:\Users\thaba\OneDrive\Documents\The 808 Vision 2026\phoenixguard\data\clean_split\train\SELL\00227_000_b58fd51373ca.png,b58fd51373ca893cae455c21d83672786d3357c437610f5077b287453f0418d5,c0e430d2a6128c5e,1
train,SELL,227,1,C:\Users\thaba\OneDrive\Documents\The 808 Vision 2026\phoenixguard\808 Memory\SELLS-20260224T225719Z-1-001\SELLS\Screenshot 2024-11-06 080459.png,C:\Users\thaba\OneDrive\Documents\The 808 Vision 2026\phoenixguard\data\clean_split\train\SELL\00227_001_83db701c2abb.png,83db701c2abb76df3916b53ffe9695cf6738906fd34973d5a1f9706686fc5e06,c0e030d2a612cc5e,0
train,SELL,228,0,C:\Users\thaba\OneDrive\Documents\The 808 Vision 2026\phoenixguard\808 Memory\SELLS-20260224T225719Z-1-001\SELLS\Screenshot 2024-11-06 074627.png,C:\Users\thaba\OneDrive\Documents\The 808 Vision 2026\phoenixguard\data\clean_split\train\SELL\00228_000_80b71804ef6d.png,80b71804ef6d3a755a96f421763001ae639f021371ab885881bcfea2790ade9a,c0e032d2a6128e5e,1
val,SELL,229,0,C:\Users\thaba\OneDrive\Documents\The 808 Vision 2026\phoenixguard\808 Memory\SELLS-20260224T225719Z-1-001\SELLS\Screenshot 2024-11-06 092215.png,C:\Users\thaba\OneDrive\Documents\The 808 Vision 2026\phoenixguard\data\clean_split\val\SELL\00229_000_0a72f95a3c6e.png,0a72f95a3c6ea37008fffb05999ca1d25ed15ce335edefdf98ddee177c26d3dd,80ce0ad9a5c391b4,1
train,SELL,230,0,C:\Users\thaba\OneDrive\Documents\The 808 Vision 2026\phoenixguard\808 Memory\SELLS-20260224T225719Z-1-001\SELLS\Screenshot 2024-11-06 092229.png,C:\Users\thaba\OneDrive\Documents\The 808 Vision 2026\phoenixguard\data\clean_split\train\SELL\00230_000_0dcb7493076e.png,0dcb7493076e97d03c880998946767fd2a968c4cf95efc033a989e2b822b603c,808c92ca02385f41,1
train,SELL,231,0,C:\Users\thaba\OneDrive\Documents\The 808 Vision 2026\phoenixguard\808 Memory\SELLS-20260224T225719Z-1-001\SELLS\Screenshot 2024-11-06 092822.png,C:\Users\thaba\OneDrive\Documents\The 808 Vision 2026\phoenixguard\data\clean_split\train\SELL\00231_000_486accd408e6.png,486accd408e651097f3e69665f745ebd36726a16f2455650403f91b041f14a61,808c92ca22b85a45,1
val,SELL,232,0,C:\Users\thaba\OneDrive\Documents\The 808 Vision 2026\phoenixguard\808 Memory\SELLS-20260224T225719Z-1-001\SELLS\Screenshot 2024-12-09 192244.png,C:\Users\thaba\OneDrive\Documents\The 808 Vision 2026\phoenixguard\data\clean_split\val\SELL\00232_000_5aa338f0fc86.png,5aa338f0fc86891cea16cc4e02b9386350f712be42487ff116c562536c304712,9298aaa2a6a282ec,1
train,SELL,233,0,C:\Users\thaba\OneDrive\Documents\The 808 Vision 2026\phoenixguard\808 Memory\SELLS-20260224T225719Z-1-001\SELLS\Screenshot 2025-01-07 133057.png,C:\Users\thaba\OneDrive\Documents\The 808 Vision 2026\phoenixguard\data\clean_split\train\SELL\00233_000_e3dbe74d0dd0.png,e3dbe74d0dd0701eb108507d5f48a5e78df6ecec292c5ecfb91ce13e095908ad,90d034989898f83d,1
train,SELL,234,0,C:\Users\thaba\OneDrive\Documents\The 808 Vision 2026\phoenixguard\808 Memory\SELLS-20260224T225719Z-1-001\SELLS\Screenshot 2025-01-07 133112.png,C:\Users\thaba\OneDrive\Documents\The 808 Vision 2026\phoenixguard\data\clean_split\train\SELL\00234_000_5e9b277820e4.png,5e9b277820e435a1515097b7d68ff4e07596013530b35b712125d220cd946df0,d080369810d8fc96,1
val,SELL,235,0,C:\Users\thaba\OneDrive\Documents\The 808 Vision 2026\phoenixguard\808 Memory\SELLS-20260224T225719Z-1-001\SELLS\Screenshot 2025-01-08 133812.png,C:\Users\thaba\OneDrive\Documents\The 808 Vision 2026\phoenixguard\data\clean_split\val\SELL\00235_000_aeadc892f7d8.png,aeadc892f7d87971db5a8f93872d1bc0d2d6db021699bcbb59641e8759d0f519,cc98b8ccae0cd87e,1
train,SELL,236,0,C:\Users\thaba\OneDrive\Documents\The 808 Vision 2026\phoenixguard\808 Memory\SELLS-20260224T225719Z-1-001\SELLS\Screenshot_20221024_115438.png,C:\Users\thaba\OneDrive\Documents\The 808 Vision 2026\phoenixguard\data\clean_split\train\SELL\00236_000_42f9f7b1781a.png,42f9f7b1781a3be1e62f993e20b4efebd1bcd599070cdb78e8ffd04f22865b9f,81c01018d6b66073,1
train,SELL,237,0,C:\Users\thaba\OneDrive\Documents\The 808 Vision 2026\phoenixguard\808 Memory\SELLS-20260224T225719Z-1-001\SELLS\Screenshot_20221024_115446.png,C:\Users\thaba\OneDrive\Documents\The 808 Vision 2026\phoenixguard\data\clean_split\train\SELL\00237_000_9e7b054263ac.png,9e7b054263ac6f80c275c16f077b48246322448d604eea0fef27c1805ec416d0,81d01010ba20728d,1
val,SELL,238,0,C:\Users\thaba\OneDrive\Documents\The 808 Vision 2026\phoenixguard\808 Memory\SELLS-20260224T225719Z-1-001\SELLS\Screenshot_20221024_115939.png,C:\Users\thaba\OneDrive\Documents\The 808 Vision 2026\phoenixguard\data\clean_split\val\SELL\00238_000_10f65702a0d8.png,10f65702a0d89848b3adff4b7e46647a549e722520b6c9528f2cd05686309c82,81d010109830728d,1
train,SELL,239,0,C:\Users\thaba\OneDrive\Documents\The 808 Vision 2026\phoenixguard\808 Memory\SELLS-20260224T225719Z-1-001\SELLS\Screenshot_20221207_182654.png,C:\Users\thaba\OneDrive\Documents\The 808 Vision 2026\phoenixguard\data\clean_split\train\SELL\00239_000_78fc53f8628b.png,78fc53f8628b7f779c1f2a7c3b8a7e36073cac0378cecb530fb70afbc2a7b7a2,8160b02c9616a28e,1
test,SELL,240,0,C:\Users\thaba\OneDrive\Documents\The 808 Vision 2026\phoenixguard\808 Memory\SELLS-20260224T225719Z-1-001\SELLS\Screenshot_20221214_185143.png,C:\Users\thaba\OneDrive\Documents\The 808 Vision 2026\phoenixguard\data\clean_split\test\SELL\00240_000_6a40d8b761e5.png,6a40d8b761e5f5858366252226af821e2fde321c1cdc74f661fe59fcec09ccbe,812030f0b89cd28c,1
test,SELL,241,0,C:\Users\thaba\OneDrive\Documents\The 808 Vision 2026\phoenixguard\808 Memory\SELLS-20260224T225719Z-1-001\SELLS\Screenshot_20221215_133227.png,C:\Users\thaba\OneDrive\Documents\The 808 Vision 2026\phoenixguard\data\clean_split\test\SELL\00241_000_2f7401a27752.png,2f7401a277528fc817d7711bcf5d5b98f56e3dbb7bb5152564c9e58e5776b716,81dc2caece82d28e,1
val,SELL,242,0,C:\Users\thaba\OneDrive\Documents\The 808 Vision 2026\phoenixguard\808 Memory\SELLS-20260224T225719Z-1-001\SELLS\Screenshot_20221215_133350.png,C:\Users\thaba\OneDrive\Documents\The 808 Vision 2026\phoenixguard\data\clean_split\val\SELL\00242_000_9df431c2a150.png,9df431c2a150ad7677f11670f771f1b55b596636db3d075dde745ddb05d16057,81dc2cae8e82e286,1
train,SELL,243,0,C:\Users\thaba\OneDrive\Documents\The 808 Vision 2026\phoenixguard\808 Memory\SELLS-20260224T225719Z-1-001\SELLS\Screenshot_20221215_134122.png,C:\Users\thaba\OneDrive\Documents\The 808 Vision 2026\phoenixguard\data\clean_split\train\SELL\00243_000_05916bd7fbe8.png,05916bd7fbe81e0b7c19990d467d2a32ad418e24f328136e91a1d3b634beac7b,91e6904ea61a9a8e,1
train,SELL,244,0,C:\Users\thaba\OneDrive\Documents\The 808 Vision 2026\phoenixguard\808 Memory\SELLS-20260224T225719Z-1-001\SELLS\Screenshot_20221215_134859.png,C:\Users\thaba\OneDrive\Documents\The 808 Vision 2026\phoenixguard\data\clean_split\train\SELL\00244_000_882860500f3b.png,882860500f3b50b6fe2acadfe22966047da2cc5c4d31db26125d719cf39fdc17,81c60ec6f25ab28e,1
val,SELL,245,0,C:\Users\thaba\OneDrive\Documents\The 808 Vision 2026\phoenixguard\808 Memory\SELLS-20260224T225719Z-1-001\SELLS\Screenshot_20221215_140702.png,C:\Users\thaba\OneDrive\Documents\The 808 Vision 2026\phoenixguard\data\clean_split\val\SELL\00245_000_74b223eaadbc.png,74b223eaadbc8ab4241c564cd5c231f94735c3e17cad2ccc23d07010b837ba63,8586869a9aacc0f3,1
train,SELL,246,0,C:\Users\thaba\OneDrive\Documents\The 808 Vision 2026\phoenixguard\808 Memory\SELLS-20260224T225719Z-1-001\SELLS\Screenshot_20221216_204250.png,C:\Users\thaba\OneDrive\Documents\The 808 Vision 2026\phoenixguard\data\clean_split\train\SELL\00246_000_13a41dfcbc8e.png,13a41dfcbc8e1093944214eec90da777c2db68eb2ca12ae4cd54573b5a87d5ee,91ce6e4eb21a928d,1
test,SELL,247,0,C:\Users\thaba\OneDrive\Documents\The 808 Vision 2026\phoenixguard\808 Memory\SELLS-20260224T225719Z-1-001\SELLS\Screenshot_20221216_204803.png,C:\Users\thaba\OneDrive\Documents\The 808 Vision 2026\phoenixguard\data\clean_split\test\SELL\00247_000_cedabe8af9b1.png,cedabe8af9b1883d4a052c9f1cbc5758403c043a977b2156fe73f98b4f49a794,91c6c6ca4a32a28e,1
train,SELL,248,0,C:\Users\thaba\OneDrive\Documents\The 808 Vision 2026\phoenixguard\808 Memory\SELLS-20260224T225719Z-1-001\SELLS\Screenshot_20221216_210200.png,C:\Users\thaba\OneDrive\Documents\The 808 Vision 2026\phoenixguard\data\clean_split\train\SELL\00248_000_ff0cb9d8111c.png,ff0cb9d8111c0256d45cbb34ed671c404d645c96471101ce1edff776529718ad,01b6b60e4ac2a20e,1
val,SELL,249,0,C:\Users\thaba\OneDrive\Documents\The 808 Vision 2026\phoenixguard\808 Memory\SELLS-20260224T225719Z-1-001\SELLS\Screenshot_20221216_210649.png,C:\Users\thaba\OneDrive\Documents\The 808 Vision 2026\phoenixguard\data\clean_split\val\SELL\00249_000_d0de5352f9fd.png,d0de5352f9fdc3f0f6707e11f7a0c29d2de4ca526fe34e77968bc03fb80481da,01b6364eca82b20e,1
train,SELL,250,0,C:\Users\thaba\OneDrive\Documents\The 808 Vision 2026\phoenixguard\808 Memory\SELLS-20260224T225719Z-1-001\SELLS\Screenshot_20221219_152820.png,C:\Users\thaba\OneDrive\Documents\The 808 Vision 2026\phoenixguard\data\clean_split\train\SELL\00250_000_0d7434c8b843.png,0d7434c8b843ea293d1411ca201be0755bd367951d258345a6bcc77586c307a6,c086a252269e003e,1
train,SELL,251,0,C:\Users\thaba\OneDrive\Documents\The 808 Vision 2026\phoenixguard\808 Memory\SELLS-20260224T225719Z-1-001\SELLS\Screenshot_20221219_175946.png,C:\Users\thaba\OneDrive\Documents\The 808 Vision 2026\phoenixguard\data\clean_split\train\SELL\00251_000_0fa57e6141dd.png,0fa57e6141dd63a591a2276ad7298d1103afec5ed580f892fbbdda25d8af832c,91ccc694d232b2cd,1
val,SELL,252,0,C:\Users\thaba\OneDrive\Documents\The 808 Vision 2026\phoenixguard\808 Memory\SELLS-20260224T225719Z-1-001\SELLS\Screenshot_20221220_150252.png,C:\Users\thaba\OneDrive\Documents\The 808 Vision 2026\phoenixguard\data\clean_split\val\SELL\00252_000_1e9ee4e54516.png,1e9ee4e545167012cbccaad900ac777ee9bd3080a917205c97facc090241881c,82828206366a88be,1
test,SELL,253,0,C:\Users\thaba\OneDrive\Documents\The 808 Vision 2026\phoenixguard\808 Memory\SELLS-20260224T225719Z-1-001\SELLS\Screenshot_20230125_145404.png,C:\Users\thaba\OneDrive\Documents\The 808 Vision 2026\phoenixguard\data\clean_split\test\SELL\00253_000_b74c675a4a58.png,b74c675a4a588ef9299a5f1c37cda54b329c5339c04af26b21c52685f6624c7f,83ee8612fa927a6d,1
train,SELL,254,0,C:\Users\thaba\OneDrive\Documents\The 808 Vision 2026\phoenixguard\808 Memory\SELLS-20260224T225719Z-1-001\SELLS\Screenshot_20230125_145449.png,C:\Users\thaba\OneDrive\Documents\The 808 Vision 2026\phoenixguard\data\clean_split\train\SELL\00254_000_54932cb5ce74.png,54932cb5ce74490ea248a22606388b8d52c447c9b333728998cee188e046e3f0,81d2b69a26267a6c,1
train,SELL,254,1,C:\Users\thaba\OneDrive\Documents\The 808 Vision 2026\phoenixguard\808 Memory\SELLS-20260224T225719Z-1-001\SELLS\Screenshot_20230125_145459.png,C:\Users\thaba\OneDrive\Documents\The 808 Vision 2026\phoenixguard\data\clean_split\train\SELL\00254_001_90494df7f20e.png,90494df7f20e557d02395feebe0612d0b3a2fc92595db8c21e5aa51f4aa42d70,81d2b69a26267a6d,0
train,SELL,255,0,C:\Users\thaba\OneDrive\Documents\The 808 Vision 2026\phoenixguard\808 Memory\SELLS-20260224T225719Z-1-001\SELLS\Screenshot_20230125_145547.png,C:\Users\thaba\OneDrive\Documents\The 808 Vision 2026\phoenixguard\data\clean_split\train\SELL\00255_000_57843ba18168.png,57843ba181688d4fa74ad456cd4c2c130e3bf7499d0b28592ee06ff15f594b47,91c04052263a3a6c,1
val,SELL,256,0,C:\Users\thaba\OneDrive\Documents\The 808 Vision 2026\phoenixguard\808 Memory\SELLS-20260224T225719Z-1-001\SELLS\Screenshot_20230125_150517.png,C:\Users\thaba\OneDrive\Documents\The 808 Vision 2026\phoenixguard\data\clean_split\val\SELL\00256_000_a4e3cd91b424.png,a4e3cd91b4244aa0dcef39ec5c1af61f4f402fc1b734b8e8245f3f70f8777f55,81e080a06880fa6d,1
train,SELL,257,0,C:\Users\thaba\OneDrive\Documents\The 808 Vision 2026\phoenixguard\808 Memory\SELLS-20260224T225719Z-1-001\SELLS\Screenshot_20230125_150652.png,C:\Users\thaba\OneDrive\Documents\The 808 Vision 2026\phoenixguard\data\clean_split\train\SELL\00257_000_ea20109412ee.png,ea20109412ee9cb09bb1795bb695d7284f295fae16f8b4041f4fde7937260817,81e42aaa96867a6c,1
train,SELL,257,1,C:\Users\thaba\OneDrive\Documents\The 808 Vision 2026\phoenixguard\808 Memory\SELLS-20260224T225719Z-1-001\SELLS\Screenshot_20230125_150716.png,C:\Users\thaba\OneDrive\Documents\The 808 Vision 2026\phoenixguard\data\clean_split\train\SELL\00257_001_f36f2292625a.png,f36f2292625a75ee0f6991814d898b4ed44a265682a532e03d35bf40fffcccce,81e42aaa96867a6c,0
train,SELL,258,0,C:\Users\thaba\OneDrive\Documents\The 808 Vision 2026\phoenixguard\808 Memory\SELLS-20260224T225719Z-1-001\SELLS\Screenshot_20230125_150756.png,C:\Users\thaba\OneDrive\Documents\The 808 Vision 2026\phoenixguard\data\clean_split\train\SELL\00258_000_83e35f770859.png,83e35f770859805cd2f6db29bdfc1a2caede87200b3afbd92979e04470436d09,8132586aea8e7e7c,1
val,SELL,259,0,C:\Users\thaba\OneDrive\Documents\The 808 Vision 2026\phoenixguard\808 Memory\SELLS-20260224T225719Z-1-001\SELLS\Screenshot_20230125_150813.png,C:\Users\thaba\OneDrive\Documents\The 808 Vision 2026\phoenixguard\data\clean_split\val\SELL\00259_000_f67953fd36a7.png,f67953fd36a71a8c7b74e8da7866361ded6d41c14acba935bca8ed082139b273,81c0c0e6263a7a6d,1
train,SELL,260,0,C:\Users\thaba\OneDrive\Documents\The 808 Vision 2026\phoenixguard\808 Memory\SELLS-20260224T225719Z-1-001\SELLS\Screenshot_20230125_153632.png,C:\Users\thaba\OneDrive\Documents\The 808 Vision 2026\phoenixguard\data\clean_split\train\SELL\00260_000_c34a07c203d3.png,c34a07c203d32e238b9ddbd4e3ed1fff6fcdc86024007623e28b103cc31b3c7a,8182123a6082fa6d,1
train,SELL,261,0,C:\Users\thaba\OneDrive\Documents\The 808 Vision 2026\phoenixguard\808 Memory\SELLS-20260224T225719Z-1-001\SELLS\Screenshot_20230125_153659.png,C:\Users\thaba\OneDrive\Documents\The 808 Vision 2026\phoenixguard\data\clean_split\train\SELL\00261_000_fc5a50e681e5.png,fc5a50e681e5b85badd1173d3bf308ff600da64ef274343b649442c970a80e0f,858e32a66a80fa6c,1
val,SELL,262,0,C:\Users\thaba\OneDrive\Documents\The 808 Vision 2026\phoenixguard\808 Memory\SELLS-20260224T225719Z-1-001\SELLS\Screenshot_20230125_153716.png,C:\Users\thaba\OneDrive\Documents\The 808 Vision 2026\phoenixguard\data\clean_split\val\SELL\00262_000_d50c8b90a716.png,d50c8b90a7166846e3042b769c623d81c6472cce69dd1f4636b54d55eee96382,858e32a67280fa2d,1
test,SELL,263,0,C:\Users\thaba\OneDrive\Documents\The 808 Vision 2026\phoenixguard\808 Memory\SELLS-20260224T225719Z-1-001\SELLS\Screenshot_20230126_153808.png,C:\Users\thaba\OneDrive\Documents\The 808 Vision 2026\phoenixguard\data\clean_split\test\SELL\00263_000_ea295fb64799.png,ea295fb64799620a2773f6184aa291fd1a5362f22425d9b288eabb26e177f55f,91b2bac6e640baac,1
train,SELL,264,0,C:\Users\thaba\OneDrive\Documents\The 808 Vision 2026\phoenixguard\808 Memory\SELLS-20260224T225719Z-1-001\SELLS\Screenshot_20230126_154141.png,C:\Users\thaba\OneDrive\Documents\The 808 Vision 2026\phoenixguard\data\clean_split\train\SELL\00264_000_e33f60fc2177.png,e33f60fc21774802efb6bc9e3130618242126289c8e490922961b5257f6f507a,81b0b0c07840babd,1
train,SELL,265,0,C:\Users\thaba\OneDrive\Documents\The 808 Vision 2026\phoenixguard\808 Memory\SELLS-20260224T225719Z-1-001\SELLS\Screenshot_20230126_155708.png,C:\Users\thaba\OneDrive\Documents\The 808 Vision 2026\phoenixguard\data\clean_split\train\SELL\00265_000_b93b9633f24b.png,b93b9633f24b1d0af7500b2cd5c8d88855ce0f30f0ddcaee956b601c22b1c628,81c6c25c4e94fa2c,1
test,SELL,266,0,C:\Users\thaba\OneDrive\Documents\The 808 Vision 2026\phoenixguard\808 Memory\SELLS-20260224T225719Z-1-001\SELLS\Screenshot_20230126_155751.png,C:\Users\thaba\OneDrive\Documents\The 808 Vision 2026\phoenixguard\data\clean_split\test\SELL\00266_000_c9f1a7008012.png,c9f1a7008012456c8aa3f7f4daa04249405f3f8bd3065974855761ff639a2201,81b0b0d07840baac,1
train,SELL,267,0,C:\Users\thaba\OneDrive\Documents\The 808 Vision 2026\phoenixguard\808 Memory\SELLS-20260224T225719Z-1-001\SELLS\Screenshot_20230126_175327.png,C:\Users\thaba\OneDrive\Documents\The 808 Vision 2026\phoenixguard\data\clean_split\train\SELL\00267_000_78e53c20c763.png,78e53c20c7635f11fdfc3453b18688227b2a12abbf1fc3d75f47103ab59ff7cc,95e6c65a4e94ba2d,1
train,SELL,268,0,C:\Users\thaba\OneDrive\Documents\The 808 Vision 2026\phoenixguard\808 Memory\SELLS-20260224T225719Z-1-001\SELLS\Screenshot_20230126_175606.png,C:\Users\thaba\OneDrive\Documents\The 808 Vision 2026\phoenixguard\data\clean_split\train\SELL\00268_000_149f9bb60263.png,149f9bb602636104851dedaa3a9ee7d124cc4c19bf9b9f702cc79bad7848fb0d,91c0c080e880baed,1
train,SELL,269,0,C:\Users\thaba\OneDrive\Documents\The 808 Vision 2026\phoenixguard\808 Memory\SELLS-20260224T225719Z-1-001\SELLS\Screenshot_20230131_123722.png,C:\Users\thaba\OneDrive\Documents\The 808 Vision 2026\phoenixguard\data\clean_split\train\SELL\00269_000_2dccbeb9ebd7.png,2dccbeb9ebd78c26b7b0949ad34ff8a9b2d8aaf82d2ef8c51f497166bff91c56,01f238929202be6c,1
train,SELL,269,1,C:\Users\thaba\OneDrive\Documents\The 808 Vision 2026\phoenixguard\808 Memory\SELLS-20260224T225719Z-1-001\SELLS\Screenshot_20230131_123739.png,C:\Users\thaba\OneDrive\Documents\The 808 Vision 2026\phoenixguard\data\clean_split\train\SELL\00269_001_9383d5ca6f9e.png,9383d5ca6f9e20342cbea8073a4072a9828d08f9d68984f5287cfdc6095d0442,01f238929202be6d,0
val,SELL,270,0,C:\Users\thaba\OneDrive\Documents\The 808 Vision 2026\phoenixguard\808 Memory\SELLS-20260224T225719Z-1-001\SELLS\Screenshot_20230131_124538.png,C:\Users\thaba\OneDrive\Documents\The 808 Vision 2026\phoenixguard\data\clean_split\val\SELL\00270_000_ceea9b13261e.png,ceea9b13261eaefd4c2fba5ad2d8c8147e6400f429e16516ebee9e0cb50775d7,83ce92a2bae4faac,1
train,SELL,271,0,C:\Users\thaba\OneDrive\Documents\The 808 Vision 2026\phoenixguard\808 Memory\SELLS-20260224T225719Z-1-001\SELLS\Screenshot_20230131_171115.png,C:\Users\thaba\OneDrive\Documents\The 808 Vision 2026\phoenixguard\data\clean_split\train\SELL\00271_000_18641f569c07.png,18641f569c07f97c6aaf489e75370dcb00c8987d27a200e4f792ada3af3c8717,9138188ec602ba6c,1
train,SELL,272,0,C:\Users\thaba\OneDrive\Documents\The 808 Vision 2026\phoenixguard\808 Memory\SELLS-20260224T225719Z-1-001\SELLS\Screenshot_20230202_080117.png,C:\Users\thaba\OneDrive\Documents\The 808 Vision 2026\phoenixguard\data\clean_split\train\SELL\00272_000_766e60fa7fc9.png,766e60fa7fc90c54408fdeb2ecfe1c8e67dbaae6c96ab9c6b1ede8fd44975c3d,91bc0a066bc3f8bb,1
train,SELL,273,0,C:\Users\thaba\OneDrive\Documents\The 808 Vision 2026\phoenixguard\808 Memory\SELLS-20260224T225719Z-1-001\SELLS\Screenshot_20230202_192449.png,C:\Users\thaba\OneDrive\Documents\The 808 Vision 2026\phoenixguard\data\clean_split\train\SELL\00273_000_8f4a46369965.png,8f4a4636996552416ea2583832590064fed79effc11cb401bfe5e98262c3a272,83c29216768c7a3f,1
train,SELL,273,1,C:\Users\thaba\OneDrive\Documents\The 808 Vision 2026\phoenixguard\808 Memory\SELLS-20260224T225719Z-1-001\SELLS\Screenshot_20230202_192524.png,C:\Users\thaba\OneDrive\Documents\The 808 Vision 2026\phoenixguard\data\clean_split\train\SELL\00273_001_4e493743861c.png,4e493743861c49356326eb4a8417c29c05000acdefebc308328b5f738a8ecf44,83c29216768c7a3f,0
train,SELL,274,0,C:\Users\thaba\OneDrive\Documents\The 808 Vision 2026\phoenixguard\808 Memory\SELLS-20260224T225719Z-1-001\SELLS\Screenshot_20230202_192802.png,C:\Users\thaba\OneDrive\Documents\The 808 Vision 2026\phoenixguard\data\clean_split\train\SELL\00274_000_c5d117af3672.png,c5d117af367219f284669b6f1ff9d64b6abdda4fe4c9ba089ca935df49c4a6cd,83c29292768c7a37,1
train,SELL,275,0,C:\Users\thaba\OneDrive\Documents\The 808 Vision 2026\phoenixguard\808 Memory\SELLS-20260224T225719Z-1-001\SELLS\Screenshot_20230202_192826.png,C:\Users\thaba\OneDrive\Documents\The 808 Vision 2026\phoenixguard\data\clean_split\train\SELL\00275_000_9ccc29bb5e8c.png,9ccc29bb5e8c1cc531197f1423d33ecf95e225c7bb89e854a44f5f3110d491ca,83c2829a7684d87b,1
val,SELL,276,0,C:\Users\thaba\OneDrive\Documents\The 808 Vision 2026\phoenixguard\808 Memory\SELLS-20260224T225719Z-1-001\SELLS\Screenshot_20230202_194055.png,C:\Users\thaba\OneDrive\Documents\The 808 Vision 2026\phoenixguard\data\clean_split\val\SELL\00276_000_f0b716d40eea.png,f0b716d40eea3c1883960ecbe52f03a8cd2be87a57afab2d5f0744da24c64652,13d69cce6a22fabc,1
train,SELL,277,0,C:\Users\thaba\OneDrive\Documents\The 808 Vision 2026\phoenixguard\808 Memory\SELLS-20260224T225719Z-1-001\SELLS\Screenshot_20230206_205447.png,C:\Users\thaba\OneDrive\Documents\The 808 Vision 2026\phoenixguard\data\clean_split\train\SELL\00277_000_8f000aaa14f0.png,8f000aaa14f09440a636e4b6f0b6edb381c91f1948de03e974f5229c8e21f858,8192184e8602faec,1
val,SELL,278,0,C:\Users\thaba\OneDrive\Documents\The 808 Vision 2026\phoenixguard\808 Memory\SELLS-20260224T225719Z-1-001\SELLS\Screenshot_20230206_210726.png,C:\Users\thaba\OneDrive\Documents\The 808 Vision 2026\phoenixguard\data\clean_split\val\SELL\00278_000_44ed20709249.png,44ed207092498b9915f633be5be9fe9c52d762abf02051eeac0e757e739d0e50,81c0c0382a06fe7e,1
train,SELL,279,0,C:\Users\thaba\OneDrive\Documents\The 808 Vision 2026\phoenixguard\808 Memory\SELLS-20260224T225719Z-1-001\SELLS\Screenshot_20230210_130205.png,C:\Users\thaba\OneDrive\Documents\The 808 Vision 2026\phoenixguard\data\clean_split\train\SELL\00279_000_c55a81b92812.png,c55a81b92812ec3fb12dc7dac077ffbfa609dc2b94799c13edb7007527871370,81b09020f0c0babc,1
train,SELL,280,0,C:\Users\thaba\OneDrive\Documents\The 808 Vision 2026\phoenixguard\808 Memory\SELLS-20260224T225719Z-1-001\SELLS\Screenshot_20230210_201748.png,C:\Users\thaba\OneDrive\Documents\The 808 Vision 2026\phoenixguard\data\clean_split\train\SELL\00280_000_54eccd031ccc.png,54eccd031ccc0568a661c957cf43207cdb91a2cd86cf5259e0b0b40791eb5419,81f2105a8a06bebc,1
test,SELL,281,0,C:\Users\thaba\OneDrive\Documents\The 808 Vision 2026\phoenixguard\808 Memory\SELLS-20260224T225719Z-1-001\SELLS\Screenshot_20230215_140600.png,C:\Users\thaba\OneDrive\Documents\The 808 Vision 2026\phoenixguard\data\clean_split\test\SELL\00281_000_66b9c81c5f66.png,66b9c81c5f6602709be127689bb527992c17a01a2bd2d04b6441f8b42f09c1cf,81b29286168afa7d,1
train,SELL,282,0,C:\Users\thaba\OneDrive\Documents\The 808 Vision 2026\phoenixguard\808 Memory\SELLS-20260224T225719Z-1-001\SELLS\Screenshot_20230215_191040.png,C:\Users\thaba\OneDrive\Documents\The 808 Vision 2026\phoenixguard\data\clean_split\train\SELL\00282_000_7c7f7fb80bb7.png,7c7f7fb80bb764daf21eb5d5745e0191b9b3d1c20495568e6ffea7ce94f9a0bb,91c4f0ca5e06babe,1
train,SELL,283,0,C:\Users\thaba\OneDrive\Documents\The 808 Vision 2026\phoenixguard\808 Memory\SELLS-20260224T225719Z-1-001\SELLS\Screenshot_20230216_004329.png,C:\Users\thaba\OneDrive\Documents\The 808 Vision 2026\phoenixguard\data\clean_split\train\SELL\00283_000_93db996ec0e9.png,93db996ec0e9450d1a1991bb1886e92e76ddb18aa3669aabedc60775dd03dde2,8194909860403abc,1
train,SELL,284,0,C:\Users\thaba\OneDrive\Documents\The 808 Vision 2026\phoenixguard\808 Memory\SELLS-20260224T225719Z-1-001\SELLS\Screenshot_20230216_004604.png,C:\Users\thaba\OneDrive\Documents\The 808 Vision 2026\phoenixguard\data\clean_split\train\SELL\00284_000_4a8cd4833a1f.png,4a8cd4833a1f1d4ec527976f3805dbe723c62cde8c1a4df7c2a280ac4947e3d0,81f282e22e0cfebe,1
train,SELL,285,0,C:\Users\thaba\OneDrive\Documents\The 808 Vision 2026\phoenixguard\808 Memory\SELLS-20260224T225719Z-1-001\SELLS\Screenshot_20230221_234721.png,C:\Users\thaba\OneDrive\Documents\The 808 Vision 2026\phoenixguard\data\clean_split\train\SELL\00285_000_552a5ebf8174.png,552a5ebf81741d8a1f2b9a2bc27f6dcc22f60a5c1c8cbabe1582f69c4c4afd3f,9200ce4ab204ba3c,1
train,SELL,285,1,C:\Users\thaba\OneDrive\Documents\The 808 Vision 2026\phoenixguard\808 Memory\SELLS-20260224T225719Z-1-001\SELLS\Screenshot_20230221_234733.png,C:\Users\thaba\OneDrive\Documents\The 808 Vision 2026\phoenixguard\data\clean_split\train\SELL\00285_001_a94a506aa532.png,a94a506aa532646f4446222b8746dd73f9771c76350f9373c79681e7543d50f9,9200ce4ab204ba3e,0
train,SELL,285,2,C:\Users\thaba\OneDrive\Documents\The 808 Vision 2026\phoenixguard\808 Memory\SELLS-20260224T225719Z-1-001\SELLS\Screenshot_20230221_234753.png,C:\Users\thaba\OneDrive\Documents\The 808 Vision 2026\phoenixguard\data\clean_split\train\SELL\00285_002_9b3d61e9c0c6.png,9b3d61e9c0c646aec4a14f9bb99ee65952fa5d6789caaf6fb1126df22f90f926,9200ce4ab204ba3e,0
train,SELL,285,3,C:\Users\thaba\OneDrive\Documents\The 808 Vision 2026\phoenixguard\808 Memory\SELLS-20260224T225719Z-1-001\SELLS\Screenshot_20230221_234811.png,C:\Users\thaba\OneDrive\Documents\The 808 Vision 2026\phoenixguard\data\clean_split\train\SELL\00285_003_43191d53183c.png,43191d53183ce06423867e8f03f7f23f5ab60e63b8c1516a79f06c00b0d879a0,9200ce4ab204ba3e,0
val,SELL,286,0,C:\Users\thaba\OneDrive\Documents\The 808 Vision 2026\phoenixguard\808 Memory\SELLS-20260224T225719Z-1-001\SELLS\sells.jpeg,C:\Users\thaba\OneDrive\Documents\The 808 Vision 2026\phoenixguard\data\clean_split\val\SELL\00286_000_094e5a640135.jpeg,094e5a640135ea49a60b1467566a495724d76baed43c862ae0742916ff7c8091,e0b43a4c66d28290,1
